r_0,r_1,r_2,r_3,r_4,r_5,r_6,r_7,r_8,r_9,r_10,r_11,r_12,r_13,r_14,r_15,r_16,r_17,r_18,r_19,r_20,r_21,r_22,r_23,r_24,r_25,r_26,r_27,r_28,r_29,r_30,r_31,r_32,r_33,r_34,r_35,r_36,r_37
0.5426444,0.538454,0.5272213,0.5484734,0.5573716,0.5494694,0.5460822,0.5615382,0.5536196,0.5327385,0.5345039,0.5194742,0.5288564,0.5464373,0.5399801,0.5574432,0.5350459,0.5484463,0.5404556,0.5400042,0.5537386,0.5363702,0.524093,0.5428458,0.5450593,0.5427083,0.5389463,0.5514499,0.5557366,0.5371061,0.5311414,0.5276147,0.5359717,0.5418706,0.5416802,0.5469635,0.5322316,0.5418084
0.5426444,0.538454,0.5272213,0.5484734,0.5573716,0.5494694,0.5460822,0.5615382,0.5536196,0.5327385,0.5345039,0.5194742,0.5288564,0.5464373,0.5399801,0.5574432,0.5350459,0.5484463,0.5404556,0.5400042,0.5537386,0.5363702,0.524093,0.5428458,0.5450593,0.5427083,0.5389463,0.5514499,0.5557366,0.5371061,0.5311414,0.5276147,0.5359717,0.5418706,0.5416802,0.5469635,0.5322316,0.5418084
0.5472331,0.5542821,0.5368768,0.5518265,0.5609902,0.5524392,0.5502524,0.5615755,0.5537162,0.5397948,0.5385324,0.5589895,0.5313714,0.5467313,0.5481819,0.5610399,0.5390489,0.550569,0.5514939,0.551802,0.5586745,0.5457363,0.5465877,0.5437975,0.5502935,0.5486003,0.5509718,0.5555127,0.5579,0.5421069,0.5580465,0.5411084,0.5470653,0.5426656,0.5482784,0.549908,0.5353702,0.544437
0.5472331,0.5542821,0.5368768,0.5518265,0.5609902,0.5524392,0.5502524,0.5615755,0.5537162,0.5397948,0.5385324,0.5589895,0.5313714,0.5467313,0.5481819,0.5610399,0.5390489,0.550569,0.5514939,0.551802,0.5586745,0.5457363,0.5465877,0.5437975,0.5502935,0.5486003,0.5509718,0.5555127,0.5579,0.5421069,0.5580465,0.5411084,0.5470653,0.5426656,0.5482784,0.549908,0.5353702,0.544437
0.5558874,0.5558363,0.5441756,0.5542226,0.5639586,0.5540409,0.5519217,0.5638296,0.554804,0.5435156,0.5432591,0.5599901,0.5468173,0.5505529,0.5551292,0.5637217,0.5416345,0.557471,0.556768,0.5621634,0.5619353,0.5475193,0.553419,0.544842,0.5507486,0.554043,0.5562342,0.5563483,0.5665787,0.545819,0.5595402,0.5485493,0.5580454,0.5451033,0.5486511,0.5515409,0.5425116,0.5464397
0.5558874,0.5558363,0.5441756,0.5542226,0.5639586,0.5540409,0.5519217,0.5638296,0.554804,0.5435156,0.5432591,0.5599901,0.5468173,0.5505529,0.5551292,0.5637217,0.5416345,0.557471,0.556768,0.5667291,0.5619353,0.5475193,0.553419,0.544842,0.5507486,0.554043,0.5562342,0.5563483,0.5665787,0.545819,0.5595402,0.5485493,0.5580454,0.5451033,0.5486511,0.5515409,0.5425116,0.5464397
0.5565107,0.5596161,0.5442584,0.5618724,0.5655469,0.5548815,0.5584929,0.5649393,0.5592125,0.5450245,0.5480329,0.5624517,0.5539749,0.5553308,0.5551501,0.5665371,0.5475127,0.5612596,0.559602,0.5686425,0.5632997,0.5510205,0.5586632,0.5572566,0.5538487,0.5571109,0.56684,0.561826,0.5720609,0.5473038,0.5645953,0.5493454,0.5590013,0.5511399,0.5490039,0.5570498,0.5484539,0.5518494
0.5565107,0.5596161,0.5442584,0.5618724,0.5655469,0.5624421,0.5584929,0.5649393,0.5602822,0.5450245,0.5480329,0.5624517,0.5539749,0.5553308,0.5551501,0.5665371,0.5475127,0.5612596,0.559602,0.5686425,0.5632997,0.5510205,0.5586632,0.5572566,0.5538487,0.5571109,0.56684,0.561826,0.5720609,0.5473038,0.5645953,0.5493454,0.5590013,0.5511399,0.5490039,0.5570498,0.5484539,0.5518494
0.5566647,0.5608876,0.5460814,0.5697532,0.5670117,0.5624421,0.5610162,0.5678648,0.5602822,0.5471972,0.5484678,0.5640947,0.5540175,0.5575756,0.5566761,0.5687588,0.5478715,0.5614259,0.5607766,0.5687098,0.5636737,0.5565362,0.5613661,0.561467,0.5559197,0.5580692,0.5670914,0.5618893,0.5729223,0.548663,0.5681502,0.5594272,0.5598857,0.5513377,0.5593547,0.5579862,0.5528249,0.5551729
0.5566647,0.5608876,0.5460814,0.5697532,0.5670117,0.5628702,0.5610162,0.5678648,0.5616555,0.5471972,0.5484678,0.5640947,0.5540175,0.5575756,0.5566761,0.5687588,0.5478715,0.5614259,0.5607766,0.5687098,0.5636737,0.5565362,0.5639403,0.561467,0.5559197,0.5580692,0.5670914,0.5618893,0.5729223,0.548663,0.5681502,0.5594272,0.5598857,0.5513377,0.5593547,0.5579862,0.5528249,0.5551729
0.5566691,0.5628474,0.5556937,0.5704291,0.5695825,0.5628702,0.5640014,0.5689473,0.5616555,0.5510496,0.5508206,0.5646728,0.5594197,0.5577254,0.558188,0.5690672,0.5528414,0.5655301,0.5626559,0.5695551,0.565164,0.5602482,0.5639403,0.5663358,0.5563688,0.5621141,0.5677078,0.5621706,0.5730114,0.5486914,0.5692365,0.560044,0.5633476,0.5551406,0.5600804,0.5638351,0.5554662,0.5557064
0.5566691,0.5628474,0.5556937,0.5713716,0.5695825,0.5640248,0.5671238,0.5689473,0.5647777,0.5510496,0.5508206,0.5646728,0.5594197,0.5577254,0.558188,0.5690672,0.5622247,0.5655301,0.5626559,0.5695551,0.565164,0.5602482,0.5652283,0.5663358,0.5563688,0.5621141,0.5677078,0.5621706,0.5730114,0.5486914,0.5692365,0.560044,0.5633476,0.5551406,0.5600804,0.5638351,0.5554662,0.5557064
0.5573035,0.5646265,0.5590213,0.5713781,0.5728479,0.5640248,0.5671238,0.5699122,0.5647777,0.5510655,0.5535166,0.5653713,0.5598204,0.5578139,0.5600849,0.5717409,0.5622247,0.5658363,0.5632595,0.5695982,0.5672966,0.5658436,0.5652283,0.5675911,0.5566472,0.5650581,0.5679198,0.5678924,0.573537,0.5578604,0.5696614,0.5600859,0.5658,0.5553118,0.5610561,0.5662163,0.5562864,0.5560429
0.5573035,0.5646265,0.5590213,0.5713781,0.5728479,0.5652793,0.5693814,0.5699122,0.5676833,0.5510655,0.5535166,0.5674537,0.5598204,0.5578139,0.5600849,0.5734567,0.5625584,0.5658363,0.5632595,0.5695982,0.5672966,0.5675796,0.5656933,0.5675911,0.5566472,0.5650581,0.5679198,0.5678924,0.573537,0.5578604,0.5696614,0.5600859,0.5658,0.5553118,0.5610561,0.5662163,0.5562864,0.5560429
0.5583113,0.5651859,0.5622812,0.5728624,0.5732358,0.5652793,0.5693814,0.5706234,0.5676833,0.5585226,0.5537675,0.5678494,0.5625822,0.5595171,0.5640448,0.5734567,0.5625584,0.5706125,0.5660385,0.5697022,0.5685719,0.5675796,0.5656933,0.5677066,0.5635521,0.5653867,0.5683202,0.5678943,0.5758528,0.559704,0.5700048,0.5603462,0.5675307,0.555969,0.561939,0.5670273,0.5589548,0.5581698
0.5583113,0.5651859,0.5643418,0.5728624,0.5732358,0.5654302,0.5708986,0.5706234,0.5686153,0.5585226,0.5537675,0.5678494,0.5625822,0.5595171,0.5640448,0.5746476,0.5660684,0.5706125,0.5660385,0.5697022,0.5685719,0.569829,0.5660463,0.5677066,0.5635521,0.5653867,0.5683202,0.5678943,0.5758528,0.559704,0.5700048,0.5603462,0.5675307,0.559492,0.561939,0.5670273,0.5589548,0.559556
0.5596527,0.5665375,0.5643418,0.5737803,0.5736511,0.5654302,0.5732686,0.5711321,0.5687573,0.5611378,0.5611997,0.5728232,0.5638979,0.5596639,0.566414,0.5746476,0.5660684,0.5719766,0.5664069,0.5704964,0.569104,0.569829,0.5660657,0.5691687,0.5635613,0.5670027,0.5700957,0.5686152,0.5765688,0.5610686,0.5700492,0.5613887,0.5692879,0.559492,0.5621516,0.5675459,0.5657551,0.559556
0.5596527,0.5665375,0.5671039,0.5737803,0.5736511,0.565758,0.5732686,0.5711321,0.5687573,0.5632515,0.5611997,0.5728232,0.5645533,0.5596639,0.5669021,0.5747313,0.5663975,0.5719766,0.5664069,0.5704964,0.569104,0.5701304,0.5660657,0.5695731,0.5635613,0.5670027,0.5700957,0.5686152,0.5765688,0.5610686,0.5707554,0.5613887,0.5692879,0.5619224,0.5621516,0.5675459,0.5657551,0.562043
0.5601566,0.5692001,0.5671039,0.5743705,0.5750134,0.565758,0.5755243,0.5711457,0.568812,0.5632515,0.5632619,0.5741475,0.5659586,0.5612926,0.5669021,0.5747313,0.5663975,0.5734226,0.5679518,0.5720942,0.5706985,0.5701304,0.5671813,0.5695731,0.5642772,0.5676681,0.5735948,0.569456,0.5771762,0.563822,0.5707554,0.5639409,0.5704354,0.5623195,0.5629695,0.5681142,0.5676891,0.563545
0.5601566,0.5692001,0.5689734,0.5743705,0.5755446,0.5693477,0.5755243,0.5711457,0.568812,0.5666322,0.5632619,0.5741475,0.5668403,0.5612926,0.5676899,0.5754718,0.5674958,0.5734226,0.5679518,0.5720942,0.5706985,0.5710285,0.571316,0.5721757,0.5642772,0.5676681,0.5735948,0.569456,0.5771762,0.563822,0.5717589,0.5639409,0.5712685,0.5623195,0.5629695,0.5681142,0.5676891,0.563545
0.5606325,0.5738652,0.5702697,0.5776399,0.5755446,0.5693477,0.5763067,0.572302,0.5702416,0.5666322,0.5701206,0.574533,0.5668403,0.5655128,0.5676899,0.5781787,0.5674958,0.5762599,0.5706731,0.5726419,0.5712331,0.5710285,0.5721161,0.5721757,0.5703387,0.5682499,0.5738103,0.5696047,0.5785194,0.5642227,0.5717589,0.5641162,0.5728681,0.563279,0.5633085,0.5692324,0.5695906,0.5684609
0.5606325,0.5738652,0.5723187,0.5776399,0.5762289,0.5719093,0.5763067,0.572302,0.5702416,0.5672315,0.5701206,0.574533,0.5674006,0.5655128,0.5701213,0.5781787,0.5682117,0.5762599,0.5706731,0.5726419,0.5712331,0.5715415,0.5721161,0.5728011,0.5703387,0.5688819,0.5738103,0.5696047,0.5785194,0.5642227,0.5760613,0.5641162,0.5728681,0.5639088,0.5633085,0.5692324,0.5695906,0.5684609
0.5607126,0.5746224,0.5728379,0.5793202,0.5762289,0.5719093,0.5765299,0.5727128,0.5712382,0.5672315,0.5701566,0.5748951,0.5674006,0.5658203,0.5701213,0.5786393,0.5682117,0.5765601,0.5709251,0.5755276,0.5728973,0.5715415,0.5721644,0.5728011,0.5705348,0.5688819,0.576419,0.5700952,0.5789335,0.5656505,0.5760613,0.5649198,0.5735059,0.5639088,0.5644415,0.5706106,0.5702436,0.5688233
0.5660786,0.5746224,0.5728379,0.5793202,0.5763635,0.5741534,0.5765299,0.5727128,0.5712382,0.5674021,0.5701566,0.5748951,0.5677882,0.5679901,0.5704119,0.5786393,0.5685634,0.5765601,0.5709251,0.5755276,0.5728973,0.5716522,0.5721644,0.5768191,0.5705348,0.5731467,0.576419,0.5700952,0.5795761,0.5656505,0.5764681,0.5654704,0.5735059,0.564904,0.5646243,0.5706106,0.5702436,0.5688233
0.5660786,0.5750569,0.5735407,0.579584,0.5763635,0.5741534,0.5768424,0.5730541,0.5755514,0.5711776,0.5730846,0.5752055,0.5677882,0.5679901,0.5704119,0.5787766,0.5685634,0.5765705,0.5729954,0.5755452,0.5730782,0.5716522,0.5730449,0.5768191,0.5709502,0.5731467,0.5764843,0.5706097,0.5795761,0.567483,0.5775962,0.5654704,0.5742142,0.564904,0.5651265,0.5707752,0.5707933,0.5694383
0.5662436,0.5750569,0.5735407,0.579584,0.5765276,0.5745619,0.5768424,0.5730541,0.5780436,0.5711776,0.5730846,0.5752055,0.5755883,0.5688384,0.5705991,0.5787766,0.5695759,0.5766685,0.5729954,0.5755452,0.5730782,0.5719646,0.5730449,0.5807204,0.5709502,0.5746087,0.5764843,0.5706097,0.5797076,0.567483,0.5775962,0.5674334,0.5742142,0.5654447,0.5651265,0.5707752,0.5707933,0.5694383
0.5662436,0.5752544,0.5738195,0.5819383,0.5765276,0.5745619,0.5771213,0.5738449,0.5780436,0.5724937,0.5731866,0.5757434,0.5755883,0.5688384,0.5705991,0.5791766,0.5695759,0.5766685,0.5754131,0.5757958,0.5735363,0.5719646,0.5737455,0.5807204,0.5713636,0.5747473,0.5765666,0.5793379,0.5797076,0.567673,0.5790108,0.5705497,0.5757067,0.5660579,0.5678357,0.5727316,0.5716043,0.5695792
0.5670473,0.5752544,0.5738195,0.5819383,0.5789085,0.5757045,0.5771213,0.5738449,0.5782344,0.5724937,0.5731866,0.5757434,0.577544,0.570945,0.5707937,0.5791766,0.5696746,0.576684,0.5754131,0.5757958,0.5735363,0.5720964,0.5737455,0.5814537,0.5713636,0.5747473,0.5778296,0.5793791,0.5801039,0.567673,0.5790108,0.5705497,0.5757067,0.5667907,0.5678357,0.5727316,0.5716043,0.5695792
0.5670473,0.5761587,0.5744584,0.5825447,0.5810635,0.5757045,0.5771273,0.5740914,0.5782344,0.5758576,0.5756667,0.5762713,0.577544,0.5714401,0.5713649,0.579489,0.5696746,0.576684,0.5758533,0.5765749,0.5760963,0.5720964,0.5739572,0.5830494,0.5726467,0.5748378,0.5778296,0.5793791,0.5801039,0.5682298,0.5794043,0.5706467,0.5765042,0.5667907,0.5708241,0.5737458,0.5726615,0.5696361
0.5688083,0.5781996,0.5746666,0.5825447,0.5810635,0.5757243,0.5771273,0.5740914,0.5802298,0.5758576,0.5756667,0.5762713,0.578558,0.5714401,0.5713649,0.5825151,0.5715028,0.5778218,0.5758533,0.5765749,0.5788389,0.5722026,0.5739572,0.5830494,0.572678,0.5748378,0.5788167,0.579525,0.5805375,0.5682298,0.5794043,0.5706467,0.5775726,0.5676561,0.5708241,0.5737458,0.5726615,0.5703857
0.5688083,0.5781996,0.5763213,0.5827609,0.5810931,0.5757243,0.5808253,0.5750546,0.5802298,0.5766382,0.5767382,0.5765097,0.578558,0.5724853,0.5722777,0.5825151,0.5725721,0.5778218,0.5761604,0.5772694,0.5801345,0.5723633,0.5743522,0.5858309,0.572678,0.5758513,0.5788167,0.579525,0.5805375,0.570094,0.5803259,0.5708254,0.5775726,0.5676561,0.5709401,0.5737695,0.5749493,0.5703857
0.568892,0.5792559,0.5763213,0.5827609,0.5810931,0.5764271,0.5808253,0.5750546,0.5806619,0.5766382,0.5767382,0.5772453,0.5788599,0.5724853,0.5722777,0.5842979,0.5727654,0.5784602,0.5761604,0.5775481,0.5801345,0.5723633,0.5743522,0.5858309,0.5727714,0.5758513,0.5797352,0.5799893,0.5805639,0.570094,0.5803259,0.5708254,0.5778232,0.5683336,0.5709401,0.5737695,0.5749493,0.5714445
0.5695315,0.5792559,0.5764416,0.5830292,0.5818893,0.5764271,0.5812294,0.5762013,0.5824562,0.5770515,0.57676,0.5772453,0.5803518,0.5730718,0.5727877,0.5842979,0.5746516,0.5800962,0.5762791,0.5794302,0.580334,0.5742133,0.5751611,0.5861989,0.5735005,0.57927,0.5804432,0.5799893,0.5805639,0.5704766,0.5805902,0.5729093,0.5778232,0.5683336,0.5722758,0.5742488,0.5754365,0.5766538
0.5695315,0.5793279,0.5764416,0.5830292,0.5818893,0.5778019,0.5816733,0.5762013,0.5824562,0.5770515,0.5783121,0.5777671,0.5803518,0.5730718,0.5727877,0.5848234,0.5746516,0.5800962,0.5762791,0.5794777,0.580334,0.5742133,0.5751611,0.5861989,0.5735005,0.5796178,0.5806047,0.5812207,0.5809723,0.5704766,0.5805902,0.5729756,0.5816572,0.5687342,0.5722758,0.5742488,0.5754365,0.5766538
0.5701922,0.5793279,0.5770814,0.5840981,0.5829361,0.5782802,0.5826798,0.576858,0.583326,0.5773879,0.5784783,0.5777671,0.5803972,0.5754643,0.574215,0.5848234,0.574925,0.5820681,0.5772151,0.5794777,0.58035,0.5775107,0.5752155,0.5877399,0.5745229,0.5796178,0.5806047,0.5812207,0.5809723,0.5714096,0.5811665,0.5729756,0.5816572,0.5687342,0.5738249,0.5744416,0.5779771,0.5775033
0.5701922,0.5802366,0.5770814,0.5840981,0.5829361,0.5782802,0.5828172,0.576858,0.583326,0.5773879,0.5784783,0.578275,0.5803972,0.5754643,0.574215,0.5848402,0.574925,0.5820681,0.5772151,0.5809862,0.58035,0.5775107,0.5752155,0.5877399,0.5745229,0.5820441,0.5808751,0.5812781,0.5810121,0.5731744,0.5811665,0.5758431,0.5818951,0.5699894,0.5738249,0.5765534,0.5779771,0.5775033
0.5710668,0.5825438,0.5775012,0.5846752,0.5845537,0.5783084,0.5828172,0.577838,0.5833316,0.5774791,0.5803784,0.578275,0.5804716,0.5755833,0.5764142,0.5848402,0.5750186,0.5830236,0.5778297,0.5809862,0.582766,0.5792226,0.5755277,0.5884988,0.5747937,0.5826788,0.5808751,0.5812781,0.5812519,0.5731744,0.5812396,0.5758431,0.5818951,0.5699894,0.5760823,0.5772557,0.5780762,0.5778388
0.5710668,0.5825438,0.5775012,0.5847535,0.5845537,0.5783084,0.583102,0.5787987,0.5833316,0.5774791,0.5803784,0.5789128,0.5804716,0.5755833,0.5764142,0.5851704,0.5750186,0.5840445,0.5778297,0.5810052,0.582766,0.5792226,0.5755277,0.5884988,0.5747937,0.5826788,0.5813426,0.581288,0.5812519,0.5733285,0.5812396,0.5759137,0.58192,0.5703923,0.5772191,0.5772557,0.5781053,0.5801448
0.5711123,0.5828963,0.578053,0.5847535,0.5846289,0.579232,0.583102,0.5787987,0.5837191,0.5777203,0.5808247,0.5789128,0.5808137,0.5765896,0.5768075,0.5851704,0.5757496,0.5840445,0.5788864,0.5810052,0.5840823,0.5795045,0.5755843,0.5901438,0.5760193,0.5828509,0.5820222,0.581288,0.5815651,0.5733285,0.5813434,0.5759137,0.58192,0.5703923,0.5772662,0.577337,0.5781053,0.5822698
0.5711123,0.5831352,0.578053,0.584917,0.5846289,0.5795611,0.5835854,0.5788225,0.5837191,0.5777203,0.5808247,0.5800947,0.5808137,0.5765896,0.5768075,0.5863349,0.5761441,0.5859961,0.5794678,0.5819791,0.5840823,0.5795045,0.5755843,0.5901438,0.5762823,0.5828509,0.5820222,0.581925,0.5815651,0.576456,0.5813434,0.5769546,0.5844312,0.5704103,0.5777631,0.577337,0.5781073,0.5822698
0.5711806,0.5831352,0.5793001,0.584917,0.585533,0.5795611,0.5835854,0.5788225,0.5838955,0.5797469,0.5811369,0.5800947,0.5846759,0.5768269,0.5774012,0.5880806,0.5761441,0.5865227,0.5794678,0.5821691,0.5841534,0.5799251,0.5756546,0.5903918,0.5762823,0.5829716,0.5826361,0.581925,0.581674,0.576456,0.581687,0.5769546,0.5844312,0.5704103,0.5777631,0.5774646,0.5781073,0.5831783
0.5711806,0.5831952,0.5793001,0.5854576,0.5855423,0.5816447,0.5854483,0.5790466,0.5838955,0.5797469,0.5811369,0.5806379,0.5846759,0.5768269,0.5774012,0.5880806,0.576632,0.5865227,0.5795677,0.5830298,0.5841534,0.5799251,0.5756546,0.5903918,0.5765482,0.5829716,0.5828103,0.5820032,0.581674,0.5796556,0.581687,0.577329,0.585069,0.5729326,0.5777773,0.5774646,0.5791976,0.5831783
0.5722602,0.5831952,0.5810613,0.5854576,0.5855423,0.5816596,0.5854483,0.5804034,0.5842694,0.5813022,0.5812266,0.5806379,0.5848841,0.5774047,0.5787993,0.5903604,0.5807512,0.5872771,0.5795677,0.5830298,0.5863442,0.581169,0.5772459,0.590927,0.5765482,0.5835065,0.5828103,0.5820032,0.5818968,0.5796556,0.5817494,0.5785628,0.585069,0.5729326,0.5777773,0.5777397,0.5791976,0.5858283
0.5722602,0.5841239,0.5810613,0.5854908,0.5860415,0.5818081,0.5858235,0.5807654,0.5847752,0.5813022,0.581927,0.5817481,0.5848841,0.5775642,0.5787993,0.5903604,0.5807512,0.5872771,0.5800207,0.5831999,0.5863442,0.581169,0.5773106,0.590927,0.577394,0.5837012,0.5829752,0.5820161,0.5818968,0.5797137,0.5817494,0.5785628,0.5853578,0.5774216,0.578636,0.5777397,0.5796914,0.5870947
0.5736878,0.5845244,0.5812874,0.5854908,0.5860415,0.5820887,0.5858235,0.5807654,0.5847752,0.5814189,0.581927,0.5817481,0.5850927,0.5796304,0.579977,0.5907912,0.581568,0.587641,0.5800207,0.5831999,0.5870662,0.5837933,0.5773106,0.5914287,0.577394,0.5837012,0.5831254,0.5820161,0.5823686,0.5804359,0.5818571,0.5795479,0.5853578,0.5774216,0.578636,0.580391,0.5796914,0.5870947
0.5736878,0.5852048,0.5836321,0.5862325,0.5868373,0.5825505,0.5859588,0.5817569,0.5858661,0.5821556,0.584114,0.584357,0.5867168,0.5796304,0.579977,0.5907912,0.581568,0.587641,0.5801256,0.5834362,0.5870662,0.5843085,0.5773613,0.5925472,0.5776424,0.5872726,0.5831254,0.5820195,0.5823686,0.5804359,0.5818571,0.5795479,0.5858929,0.5774353,0.5795351,0.5810066,0.5802009,0.5876043
0.5741359,0.5852048,0.5836321,0.5885439,0.5873626,0.5825505,0.5859588,0.5817569,0.5858661,0.5821556,0.584114,0.584357,0.5867168,0.5811642,0.5834401,0.5909091,0.5822291,0.5877313,0.5801256,0.5834362,0.5872246,0.5843085,0.5773613,0.5925625,0.5776424,0.5872726,0.583144,0.5820195,0.5848548,0.5805664,0.5833848,0.5796372,0.5858929,0.5774353,0.580385,0.5810066,0.5806423,0.5876043
0.5741359,0.5860546,0.5838981,0.5885439,0.5873626,0.583083,0.586092,0.5818312,0.587015,0.5824886,0.5863195,0.5846552,0.5872182,0.5815422,0.5834401,0.5909091,0.5822291,0.5877313,0.5807179,0.5844089,0.5872246,0.584453,0.578003,0.5929889,0.5780322,0.5872822,0.5834113,0.5832396,0.5866479,0.5805664,0.5833848,0.5800112,0.5861044,0.5777814,0.5809049,0.5835751,0.5806423,0.587607
0.5745023,0.5860546,0.5838981,0.588776,0.5889831,0.583083,0.586092,0.5818312,0.587015,0.5824886,0.5865736,0.5846552,0.5872182,0.5815422,0.5845519,0.5911822,0.5825228,0.5879313,0.5807179,0.5844089,0.5875879,0.584453,0.578003,0.5929889,0.578968,0.5872822,0.5834113,0.5849101,0.5866479,0.5811589,0.5837385,0.5800112,0.5861044,0.5777814,0.5809049,0.5835751,0.5809851,0.587607
0.5745023,0.5867851,0.5839721,0.588776,0.5889871,0.5831364,0.5868054,0.5819891,0.588316,0.5841743,0.5865736,0.5850036,0.5880469,0.5820786,0.5845519,0.5916363,0.5825228,0.5879313,0.583937,0.5845252,0.5875879,0.5849294,0.5780692,0.5936711,0.5797272,0.5874688,0.5835815,0.5849101,0.5868392,0.5811589,0.5839619,0.5809166,0.5861337,0.5821926,0.5826607,0.5838938,0.5809851,0.5877027
0.5750411,0.5867851,0.5839721,0.5894991,0.5889871,0.5831364,0.5868054,0.5819891,0.588316,0.5843464,0.5868402,0.5850036,0.5904504,0.5820786,0.5859387,0.5916363,0.5830788,0.5883949,0.583937,0.5845252,0.5879389,0.5849294,0.5780692,0.5941423,0.5799996,0.5874688,0.5835815,0.5849842,0.5868392,0.5812248,0.5839619,0.5809166,0.5861337,0.5823858,0.5826607,0.5839118,0.5821705,0.5877027
0.5750411,0.5874375,0.5840568,0.589563,0.5896905,0.5832203,0.5869553,0.5859732,0.5890717,0.5844655,0.5868402,0.5850467,0.5904504,0.5822029,0.5859387,0.5919415,0.5838385,0.5888955,0.5840351,0.5845498,0.5879473,0.5854163,0.5781747,0.5941423,0.5799996,0.5874728,0.5837755,0.5849842,0.5887147,0.5813507,0.5846342,0.5815104,0.5862946,0.5823858,0.5837373,0.5873734,0.5823645,0.5891946
0.5759658,0.5874375,0.5840568,0.589563,0.5896905,0.5832203,0.5869553,0.5860747,0.5893033,0.5846679,0.586854,0.5853233,0.5908196,0.5836355,0.5866697,0.5919415,0.5838385,0.5894933,0.5848232,0.584832,0.5883487,0.5854163,0.5781747,0.5943219,0.5805298,0.5874728,0.5837755,0.585001,0.5887147,0.5819588,0.5846342,0.5815104,0.5862946,0.5835822,0.5837793,0.5873734,0.5829032,0.5893739
0.5759658,0.5884841,0.5846462,0.5896713,0.5911968,0.583668,0.58768,0.5865068,0.5895212,0.5846679,0.586854,0.5853233,0.5908196,0.5836355,0.5866697,0.5920524,0.5840232,0.5894963,0.5848232,0.584832,0.5883487,0.5858105,0.578571,0.5943219,0.5805298,0.587638,0.5846509,0.5852093,0.5888002,0.5819588,0.5856092,0.5819499,0.5864933,0.5835822,0.5837793,0.5874196,0.5829032,0.5893739
0.5765166,0.5894686,0.5846462,0.5896713,0.5911968,0.583668,0.58768,0.5865068,0.5895212,0.5847705,0.5873847,0.5864697,0.5920792,0.5842395,0.587031,0.5920524,0.5842441,0.5894963,0.5848997,0.5874084,0.5885471,0.5858105,0.578571,0.5953778,0.5810856,0.587638,0.5846509,0.58726,0.5888002,0.58212,0.5856092,0.5829611,0.5864933,0.5849058,0.5842188,0.5874196,0.583044,0.5903408
0.5765166,0.5894686,0.584774,0.5903123,0.591329,0.5848901,0.5886631,0.5865837,0.5903797,0.5847705,0.5873847,0.5864697,0.5921655,0.5842395,0.587031,0.5925632,0.5842441,0.5899652,0.5854301,0.5874084,0.5885471,0.5858907,0.578823,0.5953778,0.5815339,0.5881822,0.5862359,0.5883169,0.5893867,0.5825353,0.5863621,0.5833389,0.5868995,0.5849477,0.5842188,0.5875519,0.583044,0.5911324
0.5777866,0.5899122,0.584774,0.5903123,0.5922438,0.5893605,0.5886631,0.5865837,0.5909809,0.5863528,0.5876465,0.5864779,0.5921655,0.5843438,0.5871368,0.5925632,0.5845957,0.5899652,0.5855794,0.5882658,0.5889954,0.5858907,0.578823,0.5953933,0.5815339,0.5881822,0.5867346,0.5883169,0.5898196,0.5825353,0.5863621,0.5833389,0.5868995,0.5864706,0.5844816,0.5880213,0.583597,0.5917785
0.5777866,0.5899122,0.5854494,0.5904219,0.5922438,0.5893605,0.5892136,0.5868075,0.5917159,0.5864936,0.5876465,0.5864779,0.5921863,0.5846074,0.5871368,0.5935423,0.5845957,0.5901373,0.5859363,0.5886988,0.5889954,0.5863164,0.5794755,0.5953933,0.5818607,0.5883761,0.5869593,0.5885193,0.5898196,0.58677,0.5874373,0.5834304,0.5869255,0.5864706,0.5846785,0.5880213,0.583597,0.5917785
0.5784742,0.5908886,0.5854494,0.5904219,0.5925908,0.5893845,0.5892136,0.5868075,0.5917159,0.5865054,0.5876663,0.5880828,0.5921863,0.5846074,0.5876035,0.5951242,0.5846711,0.5901373,0.5859363,0.5886988,0.5901532,0.5869553,0.5794755,0.5959384,0.5818607,0.5884203,0.5872352,0.5892381,0.5901862,0.587448,0.5874373,0.5834304,0.5869255,0.5864808,0.5846785,0.5881768,0.5844055,0.5927518
0.5784742,0.5908886,0.5857783,0.5912875,0.5925908,0.5893845,0.589356,0.5884277,0.5923831,0.5865054,0.5885792,0.5880828,0.5945918,0.5851643,0.5876035,0.5960674,0.5846711,0.5901735,0.586797,0.5897631,0.5901532,0.5869553,0.5799317,0.5959384,0.5824073,0.5884203,0.5872352,0.5896116,0.5901862,0.587448,0.5882249,0.5850483,0.5870539,0.5864808,0.5859753,0.5881768,0.5844055,0.5927518
0.5791108,0.5910744,0.5857783,0.5912875,0.5928417,0.5893862,0.589356,0.5884277,0.5923831,0.5865196,0.5888118,0.5889651,0.5945918,0.5853259,0.5877033,0.5960829,0.585261,0.5901735,0.5875772,0.5900136,0.5904022,0.5870326,0.5799317,0.5964307,0.5824073,0.5892967,0.5875205,0.5896116,0.5905021,0.5879121,0.5882249,0.5850483,0.5870539,0.5866856,0.5859753,0.5883673,0.5847323,0.592752
0.5791108,0.5910744,0.5860569,0.5928199,0.5928417,0.5893862,0.5893912,0.5905177,0.5930473,0.5865196,0.5891017,0.5889651,0.594727,0.5854616,0.5888455,0.5960829,0.585261,0.5916591,0.5875772,0.5907404,0.5904022,0.5874618,0.5826166,0.5967926,0.5825813,0.5905461,0.5875205,0.5906716,0.5905021,0.5879819,0.58944,0.5850843,0.5880753,0.5866856,0.586079,0.5892518,0.5850047,0.592752
0.579667,0.5913288,0.5860569,0.5928199,0.5929891,0.5904437,0.5894545,0.5920127,0.5931283,0.5870002,0.5898529,0.5913539,0.594727,0.5869739,0.5891758,0.5960844,0.5856941,0.5916591,0.5882402,0.5907404,0.5908522,0.5874618,0.5826166,0.5980676,0.5825813,0.5908589,0.5875471,0.5910734,0.5907354,0.5879819,0.58944,0.5850843,0.5880753,0.5867286,0.586079,0.5892518,0.5850047,0.5931641
0.579667,0.5913288,0.5879774,0.593268,0.5929891,0.5912496,0.58949,0.5924693,0.5931283,0.5870002,0.5899367,0.5913539,0.5950577,0.5869739,0.5892329,0.5960844,0.5856941,0.5930979,0.5882402,0.5917555,0.5908522,0.587893,0.5826858,0.5980676,0.5833442,0.5908589,0.5879688,0.5910734,0.5907354,0.5885762,0.5900716,0.5852389,0.5896674,0.5868736,0.587013,0.5895125,0.5866882,0.5931641
0.5809154,0.5917963,0.5879774,0.5941281,0.5930892,0.5912496,0.5897158,0.5924693,0.5933851,0.588548,0.5899367,0.5914135,0.5950577,0.5880987,0.5894499,0.5961081,0.5858471,0.5930979,0.5889436,0.5917555,0.5914482,0.587893,0.5826858,0.5982806,0.5833442,0.5910916,0.5879688,0.5920925,0.5909205,0.5885762,0.5900716,0.5852389,0.5896674,0.586947,0.587013,0.5895125,0.5866882,0.5943385
0.5821617,0.5917963,0.5884796,0.5941281,0.5930892,0.5912822,0.5899249,0.593218,0.5934074,0.5933903,0.5913996,0.5924363,0.5960659,0.5911309,0.5894499,0.5961081,0.5865247,0.5931974,0.5889436,0.5918862,0.5914482,0.5888363,0.5830149,0.5982806,0.5840743,0.5910916,0.5880152,0.5922397,0.5909205,0.5887165,0.5906553,0.5865003,0.5899797,0.586947,0.587317,0.5903549,0.5870011,0.5943385
0.5836712,0.5919316,0.5884796,0.5944694,0.5934747,0.5912822,0.5904197,0.5935778,0.5945026,0.5940271,0.5917096,0.5924363,0.5961883,0.5911309,0.589602,0.596448,0.5865247,0.5932512,0.5889964,0.5918862,0.5914849,0.5888363,0.5830929,0.5982974,0.5840743,0.5924019,0.5880152,0.5923788,0.59385,0.5890172,0.5906553,0.5866052,0.5899797,0.5875592,0.5876551,0.5915123,0.5870011,0.5955544
0.5836712,0.5919316,0.5889662,0.5944694,0.593628,0.5913197,0.5904197,0.5935778,0.5945026,0.5940271,0.5917096,0.59268,0.5961883,0.5921129,0.589602,0.5969078,0.5872485,0.5932512,0.5889964,0.5929343,0.5914849,0.5902358,0.5830929,0.5982974,0.5842674,0.59289,0.5881303,0.5923788,0.5955339,0.5890172,0.5909497,0.5866052,0.5902144,0.5875592,0.5878008,0.5915123,0.5870096,0.5955544
0.5848925,0.5921406,0.5889662,0.5955437,0.5937269,0.5913197,0.5914097,0.5938407,0.5959181,0.5957579,0.5925572,0.59268,0.5963996,0.5921129,0.5907196,0.5970085,0.5872485,0.5940759,0.590026,0.5929343,0.5929604,0.5902358,0.5839389,0.5984063,0.5842674,0.5937425,0.5881303,0.5931022,0.5956567,0.5897439,0.5910329,0.5868159,0.5902144,0.5876586,0.5880053,0.5917088,0.5870096,0.5957867
0.5849407,0.59221,0.5889774,0.5955437,0.5939752,0.591585,0.5914097,0.5938407,0.5959428,0.5957579,0.5925664,0.592828,0.5963996,0.5935518,0.59104,0.5971243,0.5873808,0.5944943,0.590026,0.5937649,0.5929604,0.5906936,0.5841809,0.5984063,0.5853792,0.5937425,0.5881922,0.5931022,0.5956567,0.5897439,0.5910329,0.5868159,0.5903773,0.5876586,0.5880053,0.5917088,0.5871197,0.5957867
0.5849407,0.59221,0.5889774,0.5957985,0.5939752,0.591585,0.5915289,0.594161,0.5961725,0.596271,0.5934283,0.592828,0.5970243,0.5937969,0.5923628,0.5973353,0.5882566,0.5944943,0.5900681,0.5938368,0.5930357,0.5906936,0.5841809,0.5986266,0.5859858,0.5937831,0.5881922,0.5938213,0.5968138,0.5908483,0.5911679,0.5870192,0.5904918,0.5877619,0.5903444,0.5928721,0.5871197,0.5958207
0.5849799,0.5923747,0.5893895,0.5959458,0.5942255,0.5920376,0.5915289,0.5945011,0.5967132,0.596271,0.5934283,0.5929245,0.5970243,0.5941281,0.5923628,0.5973353,0.5882566,0.5948117,0.5904165,0.5938368,0.5930357,0.5909918,0.5843062,0.5986266,0.5861312,0.5939159,0.589563,0.5964717,0.5968138,0.5908483,0.5911679,0.5870192,0.5904918,0.5879388,0.5906347,0.5929784,0.5874737,0.5958207
0.5849799,0.5934096,0.5893895,0.5975302,0.5942255,0.5920376,0.5917387,0.5945972,0.5967132,0.5965182,0.5934761,0.5929245,0.597273,0.5941281,0.5924588,0.5980358,0.5887179,0.5948117,0.5905112,0.5941646,0.5939205,0.5909918,0.5846057,0.5987766,0.5870072,0.5964445,0.589563,0.5975156,0.5969005,0.5916065,0.5920694,0.5878965,0.592499,0.5879388,0.5906347,0.5929784,0.5874737,0.5963962
0.585197,0.5934096,0.589411,0.5981856,0.5945053,0.5923284,0.5917387,0.5945972,0.5969075,0.5965182,0.5934761,0.5929488,0.597642,0.5945757,0.5924798,0.5980358,0.5888998,0.5948408,0.5907358,0.5941646,0.5939205,0.5911102,0.5846964,0.5987766,0.5872028,0.5964445,0.5895645,0.5975156,0.5969005,0.5926069,0.5920694,0.5878965,0.592499,0.5881252,0.5909469,0.5938913,0.5876991,0.5963962
0.585197,0.5939221,0.589411,0.5981856,0.5945053,0.5923284,0.5923602,0.5946095,0.5969075,0.5967418,0.5941075,0.5937971,0.597642,0.5945757,0.5926159,0.5981822,0.5899358,0.5948408,0.5909575,0.5951572,0.5953625,0.5911102,0.5846964,0.5995649,0.5872028,0.5973734,0.5895948,0.5977241,0.5970141,0.5926069,0.5926496,0.5886573,0.5945086,0.588817,0.5909469,0.5943054,0.5876991,0.5965608
0.5866952,0.5948148,0.5894615,0.6001397,0.5949491,0.592931,0.5923602,0.5946095,0.5982772,0.5970803,0.5951483,0.5937971,0.597768,0.5954179,0.5926159,0.5981822,0.5899358,0.595143,0.5909575,0.5951572,0.5953625,0.5916118,0.5859415,0.5995649,0.5873467,0.5973734,0.5896721,0.5977241,0.5972435,0.5926881,0.5926496,0.5886669,0.5945086,0.588817,0.5912957,0.5953204,0.5877046,0.5972659
0.5866952,0.5948148,0.5901613,0.6007248,0.5949491,0.592931,0.5936414,0.5946925,0.5982772,0.5970803,0.5957737,0.5938226,0.5986791,0.5960057,0.5929649,0.5988142,0.5919656,0.5968385,0.5911874,0.595779,0.5954449,0.5916118,0.5859415,0.6008183,0.5873467,0.5975534,0.5897138,0.5981839,0.5972435,0.5926881,0.5926816,0.5886669,0.5952655,0.5891137,0.5913968,0.596146,0.5877046,0.598066
0.5878881,0.5954511,0.5901613,0.6007248,0.5953963,0.5934076,0.5938149,0.5946925,0.5988224,0.5981039,0.5958557,0.5938226,0.5986791,0.5960057,0.5929649,0.5988142,0.5919656,0.5970213,0.5911874,0.595779,0.5954449,0.5925096,0.5866275,0.6008183,0.5875248,0.5975534,0.5905738,0.5990529,0.5976178,0.5930189,0.5926816,0.5893428,0.5954101,0.5891137,0.5915655,0.596146,0.5884315,0.598066
0.5878881,0.5954511,0.5909203,0.6014743,0.5953963,0.5934076,0.5938149,0.5948231,0.5988224,0.5981039,0.5958557,0.5942258,0.5998653,0.5961471,0.5934744,0.5992173,0.5928145,0.5970213,0.5915322,0.5963111,0.5960115,0.5925096,0.5866275,0.600945,0.5882552,0.5976886,0.5913287,0.5995754,0.5984447,0.5930189,0.5928681,0.5900864,0.5955062,0.5896664,0.5915655,0.5971195,0.5884315,0.5986533
0.5880908,0.5957101,0.5909203,0.6014743,0.5959227,0.5936681,0.5938703,0.5955147,0.6008316,0.5985187,0.5968809,0.5942258,0.5998653,0.5966266,0.5934744,0.5992173,0.5928145,0.5970457,0.5915322,0.5963111,0.5960115,0.5928242,0.5867241,0.600945,0.5884201,0.5991179,0.5913287,0.5995754,0.5984447,0.5939052,0.5932185,0.5900864,0.5964838,0.5896664,0.5916621,0.5989891,0.5892641,0.5986533
0.5880908,0.5957101,0.5910279,0.6016291,0.5976184,0.5939855,0.5938703,0.5960701,0.6011296,0.5985187,0.5968809,0.5953605,0.6003659,0.5968759,0.593496,0.5995992,0.5928233,0.5973046,0.5918892,0.597604,0.5961925,0.5928242,0.5867241,0.6018492,0.5887141,0.5991179,0.5917694,0.6001398,0.5993291,0.5950735,0.593226,0.5905776,0.5964838,0.5896669,0.5916621,0.5989891,0.5898035,0.599103
0.5885413,0.5959784,0.5910279,0.6016291,0.5976184,0.5939855,0.5942425,0.5970836,0.6011296,0.5990127,0.5969772,0.595503,0.6003659,0.5969782,0.5936979,0.5995992,0.5928233,0.5973046,0.5919543,0.5985662,0.5961925,0.5935743,0.5873342,0.6018492,0.5887141,0.6001063,0.5917694,0.6006422,0.5999046,0.5950735,0.5932419,0.5905776,0.5964855,0.5896669,0.5919154,0.5990452,0.5898035,0.599103
0.5885413,0.5959784,0.5925638,0.6016604,0.597915,0.5946998,0.5947257,0.5975276,0.6014232,0.5990127,0.5973458,0.595503,0.6007229,0.5969782,0.5936979,0.6000213,0.5931687,0.597754,0.5923737,0.5985662,0.5968336,0.5935743,0.5875493,0.6019422,0.5888161,0.6001063,0.5922251,0.6017138,0.5999046,0.5952388,0.5932419,0.5910743,0.5974831,0.5917291,0.5919154,0.5990452,0.5905845,0.5991132
0.5886236,0.596645,0.5925638,0.6016604,0.5983272,0.5946998,0.5947257,0.5979517,0.6017402,0.5992561,0.5973458,0.596213,0.6013091,0.5973899,0.5947427,0.6001062,0.5936155,0.597754,0.5923737,0.5997436,0.5968652,0.5939662,0.5876774,0.6019422,0.5893294,0.6009612,0.5922251,0.6017138,0.6004382,0.5952388,0.593618,0.5911852,0.5974831,0.5917291,0.5924308,0.5994184,0.5905845,0.5991132
0.5894912,0.5967464,0.5928451,0.601707,0.5983705,0.595151,0.5951788,0.5979517,0.6017402,0.5992561,0.5974526,0.596213,0.6013091,0.5973899,0.5947427,0.6001951,0.5944494,0.5984752,0.5923809,0.5998006,0.5971934,0.5940338,0.5876774,0.6023032,0.5893294,0.6009612,0.5922805,0.6024132,0.6004382,0.5955149,0.593618,0.5914248,0.5978134,0.5920023,0.5939407,0.5996606,0.5906394,0.5994298
0.5894912,0.5967464,0.5928451,0.601707,0.5989604,0.595151,0.5951788,0.5990471,0.6019527,0.5995289,0.5987939,0.5962939,0.6017193,0.5976232,0.5949265,0.6001951,0.5946878,0.5984752,0.5923809,0.5998006,0.597578,0.5940338,0.5879079,0.6023696,0.5894331,0.6009936,0.5932699,0.6024132,0.6008114,0.5960066,0.593816,0.5914248,0.5978134,0.5920023,0.5939407,0.5996606,0.5906394,0.5994298
0.5894995,0.5970634,0.594135,0.6025817,0.5991526,0.5965383,0.5956263,0.5990471,0.6019527,0.600079,0.5987939,0.5962939,0.6017193,0.5976232,0.5949265,0.6004036,0.5946878,0.5991027,0.5925338,0.600633,0.5983838,0.5943991,0.5879079,0.6023696,0.5907015,0.6014263,0.5933799,0.602985,0.6008114,0.5963672,0.593816,0.5921061,0.598394,0.5921018,0.5949166,0.6004028,0.5907859,0.5994928
0.5894995,0.5970634,0.594135,0.6025817,0.5991526,0.5965383,0.5959277,0.5994363,0.6023633,0.6001962,0.5988706,0.5967135,0.6018323,0.5983701,0.5953312,0.6004036,0.5951302,0.5991027,0.5938401,0.6006564,0.5983838,0.5945184,0.5886339,0.6029401,0.5907015,0.6014263,0.5933799,0.602985,0.601077,0.5981015,0.5939817,0.5922912,0.598394,0.5921018,0.5949166,0.6004028,0.5907859,0.5997569
0.5903103,0.5974621,0.5949245,0.6031603,0.5996903,0.5977305,0.5959277,0.5994363,0.6023633,0.6001962,0.5988706,0.5968422,0.6018323,0.5983701,0.5956283,0.6009094,0.5951302,0.5991291,0.5939745,0.6016149,0.5989378,0.5945184,0.5899886,0.6029774,0.5935107,0.60264,0.5936296,0.6031598,0.601077,0.5986133,0.5939817,0.5924873,0.5984297,0.592672,0.5952503,0.6004763,0.591548,0.5997569
0.5903103,0.5974621,0.5949245,0.6031603,0.5996903,0.5979476,0.5962235,0.5996153,0.6038186,0.6002936,0.5990031,0.5974047,0.6023807,0.5985354,0.5956283,0.601045,0.5953845,0.5991291,0.5939745,0.6037131,0.5991121,0.5948145,0.5899886,0.6029774,0.5937841,0.60264,0.5936296,0.6031598,0.6019769,0.5991749,0.59428,0.5924873,0.5984297,0.5929129,0.5952503,0.6004763,0.591548,0.6002765
0.590529,0.5980919,0.5956891,0.6035423,0.6016337,0.5979476,0.5972857,0.5998003,0.6038186,0.6002936,0.5990031,0.5974047,0.6030772,0.5985354,0.5961331,0.6010615,0.5953845,0.5996935,0.5949663,0.6037689,0.5994342,0.5948145,0.5907261,0.6031275,0.5954621,0.6034115,0.5938241,0.6034016,0.6019769,0.5991749,0.5948387,0.5962545,0.5986351,0.5930318,0.5959307,0.6015614,0.5923837,0.6003936
0.5907215,0.5980919,0.5956891,0.6056582,0.6016337,0.5980094,0.5972857,0.5998003,0.6041261,0.6004206,0.5991788,0.5982682,0.6030772,0.5986068,0.5961331,0.6010615,0.5953919,0.5996935,0.5963761,0.6037689,0.5994342,0.5953835,0.5927786,0.6031275,0.599488,0.6034115,0.5943296,0.6034016,0.6027257,0.599956,0.5948387,0.5965117,0.5986351,0.5930318,0.5960721,0.6016643,0.5923837,0.6003936
0.5907215,0.598825,0.5956897,0.6056582,0.6019224,0.5986237,0.5973021,0.6004153,0.6041261,0.6007773,0.5991788,0.5982682,0.6034968,0.5986068,0.5965712,0.6012023,0.5953919,0.6005345,0.5967081,0.6040778,0.5998157,0.5954963,0.5927786,0.6031647,0.599488,0.6051521,0.5943296,0.6036564,0.6027257,0.6001117,0.5952731,0.5965561,0.599096,0.5931695,0.5965225,0.6024961,0.5928034,0.6005111
0.5911911,0.598825,0.5962417,0.6064909,0.6024013,0.5986237,0.5978505,0.6004153,0.6043296,0.6015208,0.5992548,0.5983673,0.6034968,0.5986971,0.596867,0.6012023,0.5954079,0.6005345,0.5967475,0.6040778,0.6002138,0.5954963,0.5927914,0.6031647,0.6008908,0.6056181,0.5955939,0.6036564,0.6043096,0.6001117,0.5952731,0.5970894,0.599096,0.5931695,0.5965574,0.6024961,0.5944939,0.6010149
0.5911911,0.59904,0.5962417,0.6064909,0.6024013,0.5993796,0.5978505,0.6008003,0.6043296,0.6039222,0.5993834,0.5984738,0.6059534,0.5990005,0.596867,0.6015784,0.5954079,0.6006075,0.5973026,0.6055343,0.6002138,0.5961125,0.5927914,0.6032286,0.6023579,0.6063576,0.5955939,0.6036747,0.6043096,0.6005925,0.5958436,0.5980438,0.5991935,0.5933149,0.5965574,0.6027354,0.5944939,0.6010511
0.5913427,0.5992771,0.5965843,0.6070315,0.6025818,0.6003061,0.5988644,0.6008003,0.6052813,0.6048327,0.5998356,0.5984738,0.6059534,0.59944,0.5979922,0.6015784,0.5954918,0.6006075,0.5973026,0.6059903,0.6008923,0.5962488,0.5931655,0.6034291,0.602681,0.6063576,0.5959872,0.6062928,0.604497,0.6005925,0.5969762,0.5982458,0.5991935,0.5933149,0.5971687,0.6027354,0.5950248,0.6017144
0.5913427,0.5996078,0.5965843,0.6072032,0.6025818,0.6003061,0.5988644,0.6008194,0.6055097,0.6053706,0.5998356,0.5986793,0.6069634,0.59944,0.5979922,0.6017038,0.5954918,0.6014546,0.5976824,0.6071712,0.6008923,0.5962488,0.5933989,0.6034291,0.6028827,0.6064437,0.5960173,0.6062928,0.6048134,0.60145,0.5982024,0.5982458,0.6000155,0.5937453,0.5971687,0.6036899,0.5950248,0.6022404
0.5918611,0.5996078,0.596643,0.6072574,0.6029814,0.6019315,0.5989747,0.600825,0.6062601,0.6055726,0.6005059,0.5986793,0.6073888,0.6006916,0.5997451,0.6019057,0.5957824,0.6016269,0.5976824,0.6071712,0.6012216,0.5969908,0.5935062,0.6038686,0.6028827,0.6071585,0.5962322,0.6069672,0.6058184,0.60145,0.5982358,0.598914,0.6003134,0.5959217,0.5981666,0.6036899,0.5951609,0.6022404
0.5918611,0.5999837,0.596643,0.6072574,0.6031664,0.6020335,0.5989747,0.600825,0.6062601,0.6055726,0.6005059,0.5987289,0.6074579,0.6006916,0.5997451,0.6019057,0.596036,0.6016269,0.5977532,0.6080387,0.6012216,0.5972039,0.5935062,0.6038686,0.6038869,0.6076356,0.5962322,0.6071107,0.6062793,0.6017783,0.5987333,0.5990175,0.6003134,0.5959217,0.5992717,0.6039739,0.5951609,0.6025357
0.5925294,0.5999837,0.598025,0.6074743,0.6031664,0.6020335,0.5992875,0.6012945,0.6067307,0.6059557,0.600589,0.5987289,0.6074579,0.6008799,0.600195,0.602007,0.5966926,0.6018654,0.5977532,0.6088447,0.6021638,0.5972575,0.5938695,0.6040841,0.6038869,0.6077989,0.5987965,0.6073796,0.6062793,0.6017783,0.5987333,0.599677,0.6005353,0.5965925,0.5996219,0.6039739,0.5951959,0.6025357
0.5925294,0.601683,0.598025,0.6074743,0.6033685,0.6025279,0.5992875,0.6012945,0.6074455,0.6059557,0.600589,0.5993916,0.6076098,0.6008799,0.6006911,0.602007,0.5966926,0.6018841,0.5992419,0.6088447,0.6022268,0.598059,0.5938695,0.604406,0.6044762,0.6080771,0.5995855,0.6073796,0.6066043,0.6025547,0.5991123,0.6009587,0.6006323,0.5965925,0.5996219,0.6042404,0.5951959,0.6027493
0.5926459,0.601683,0.5984923,0.6074864,0.6033685,0.6029971,0.5997805,0.60193,0.6076661,0.6063216,0.6007812,0.5993916,0.6076098,0.6009735,0.6010333,0.6023598,0.5972928,0.6018841,0.599526,0.6089801,0.6022268,0.598059,0.5948144,0.604406,0.6051979,0.6080771,0.5995855,0.6074923,0.6068617,0.6025547,0.5996958,0.6009587,0.6006323,0.5968696,0.6000234,0.6042404,0.5954275,0.6029297
0.5926459,0.6017796,0.5984923,0.6074864,0.6039231,0.6029971,0.5997805,0.6024765,0.6076661,0.6063216,0.6010632,0.5998164,0.6077811,0.6009735,0.6010547,0.6023598,0.5972928,0.6019307,0.599526,0.6099019,0.6027644,0.5981355,0.5948144,0.6045182,0.6051979,0.6080882,0.6000486,0.6074923,0.6074598,0.6031539,0.5996958,0.6013856,0.6015498,0.597664,0.6000234,0.6042966,0.5954816,0.6029297
0.5929857,0.6017796,0.5988796,0.6075544,0.6057094,0.6031958,0.600185,0.602866,0.6078564,0.606776,0.6010632,0.5998164,0.6079522,0.6016319,0.601605,0.6024243,0.5975012,0.6026686,0.5997081,0.6099477,0.6027914,0.5983747,0.5958898,0.6051292,0.6056331,0.6084227,0.6004954,0.6080479,0.607873,0.6031539,0.5999484,0.6014197,0.6017919,0.597664,0.6009576,0.6042966,0.5954816,0.6042703
0.5929857,0.6018115,0.5992425,0.6077908,0.6062178,0.6031958,0.6004193,0.602866,0.6078564,0.606776,0.6010935,0.5999878,0.6079522,0.602118,0.6022694,0.6024243,0.5975012,0.6026686,0.5997081,0.6101327,0.6028285,0.5983747,0.5966068,0.6051292,0.6067006,0.6084227,0.6004954,0.6106322,0.607873,0.6035223,0.600026,0.6014197,0.6023439,0.5977233,0.6009576,0.6044036,0.5961003,0.6043696
0.5935649,0.6018115,0.5992425,0.6077936,0.6064313,0.6034783,0.6004754,0.6038372,0.6080327,0.6068825,0.6010935,0.6001552,0.6080761,0.602118,0.6022694,0.60264,0.5976557,0.6030588,0.6002559,0.6107939,0.6033043,0.5989593,0.5966068,0.6058385,0.606751,0.6086539,0.600765,0.6111014,0.6079026,0.6035223,0.60011,0.6028561,0.6028267,0.5979808,0.6037432,0.6044036,0.5961003,0.6066503
0.5935649,0.6018388,0.5994874,0.6077936,0.6064313,0.6040593,0.6004754,0.6038372,0.6092216,0.6068825,0.6012035,0.6006167,0.6080761,0.6028967,0.6034413,0.602841,0.5976557,0.6030588,0.6002725,0.6108088,0.6038358,0.5992866,0.5968975,0.6058385,0.6068618,0.6086926,0.6010762,0.6114583,0.6079026,0.6037196,0.60011,0.6028561,0.6031902,0.5979808,0.6038144,0.6051877,0.5968656,0.6066503
0.5937103,0.6018388,0.5994987,0.6078139,0.6067646,0.6041762,0.6011417,0.6040836,0.6092216,0.6072508,0.6015069,0.6006167,0.6085761,0.6028967,0.6034413,0.6030914,0.5994533,0.6034061,0.6002725,0.6110689,0.6038358,0.5992866,0.5968975,0.6059895,0.6068618,0.6086926,0.6010762,0.6114583,0.6079115,0.6037196,0.600415,0.6029468,0.6037779,0.5987077,0.6038144,0.6058162,0.5968656,0.6067012
0.5937103,0.6024277,0.5997522,0.6078139,0.6067646,0.6041762,0.6013701,0.6042225,0.6095739,0.6073383,0.6015069,0.6008421,0.6086845,0.6037994,0.603552,0.6030914,0.599972,0.6037092,0.6007719,0.6112005,0.6044592,0.5993419,0.5973489,0.6059895,0.607045,0.6087008,0.6018881,0.6114823,0.6079115,0.6038849,0.6005168,0.6030455,0.6037779,0.5987452,0.6040125,0.6058162,0.5980312,0.6067012
0.5949951,0.6024277,0.6000152,0.6090529,0.6076374,0.6047,0.6013701,0.6043523,0.60978,0.6073383,0.6024778,0.6008421,0.6086845,0.6037994,0.603552,0.6040181,0.599972,0.604213,0.6009351,0.6115457,0.6044592,0.5993419,0.5980125,0.6060651,0.607843,0.6087008,0.6022052,0.6117434,0.6081983,0.6045159,0.6005168,0.6033481,0.6038246,0.5987452,0.6040125,0.6059328,0.5986129,0.6067146
0.5950742,0.6032979,0.6004049,0.6100055,0.6078722,0.6047,0.6015059,0.606781,0.60978,0.6073579,0.6026262,0.6014337,0.6087588,0.6041605,0.6040935,0.6040731,0.6011856,0.6042965,0.6009351,0.6115457,0.6046368,0.6013856,0.5980125,0.6077486,0.607915,0.6088985,0.6026948,0.6117434,0.6082993,0.6047007,0.600935,0.6033481,0.6051083,0.5998337,0.6045663,0.6059328,0.5986247,0.6067847
0.5961942,0.6036175,0.6004049,0.6100055,0.6078722,0.6047753,0.6016375,0.6075468,0.6101639,0.6074032,0.6026262,0.6014337,0.6089129,0.6052637,0.6040935,0.6040731,0.6011856,0.6048779,0.6017644,0.6116617,0.6047203,0.6013856,0.5981606,0.6082161,0.607915,0.6089598,0.6047034,0.6118353,0.6086142,0.6047007,0.600935,0.603877,0.6055056,0.599974,0.6045663,0.6070253,0.5986247,0.6074599
0.5961942,0.6037872,0.6010416,0.6100531,0.6080956,0.6047753,0.6016375,0.6083993,0.6101639,0.6084514,0.6028588,0.601489,0.6096488,0.6052637,0.6043269,0.6044086,0.6012185,0.6053446,0.6019781,0.6116617,0.6047203,0.6015775,0.5981606,0.6098825,0.6080539,0.6089598,0.6047034,0.6118353,0.6090239,0.6049667,0.6011204,0.603877,0.6055056,0.599974,0.6053206,0.6070253,0.5987341,0.6083634
0.5962334,0.6039556,0.6014888,0.6100944,0.6085049,0.6048348,0.6017504,0.6084967,0.6113814,0.6084514,0.6035682,0.601489,0.6096488,0.6056671,0.6043269,0.6044086,0.6012185,0.6053446,0.6031051,0.6117363,0.605166,0.6015775,0.5983968,0.6098825,0.6080539,0.6090872,0.6047319,0.612066,0.6093595,0.6050011,0.6011204,0.6044781,0.6065563,0.6010006,0.6059483,0.6073532,0.5992368,0.6083634
0.5966432,0.6054745,0.6014888,0.6100944,0.609048,0.605098,0.6017504,0.6084967,0.6115466,0.6084975,0.6035682,0.6015736,0.6101382,0.6056857,0.6044747,0.6044746,0.6014157,0.605353,0.6031051,0.6120893,0.605166,0.6016074,0.5985591,0.6099887,0.6082242,0.6091855,0.6049626,0.6122047,0.6093595,0.6050011,0.6022354,0.6044781,0.6065563,0.6010761,0.6059483,0.6076457,0.5992368,0.6086377
0.5966432,0.6060104,0.6018108,0.6101997,0.6092288,0.605098,0.6034858,0.6087354,0.6118414,0.6085406,0.6037021,0.6023782,0.6101382,0.6058856,0.6044747,0.6044746,0.6019837,0.605353,0.6034109,0.6121957,0.6056582,0.6016074,0.5985591,0.6099887,0.6082242,0.609504,0.6050976,0.612251,0.6095496,0.6053045,0.6022354,0.6062306,0.6065722,0.6016853,0.6059567,0.60842,0.599308,0.6086377
0.5970849,0.6060104,0.6023146,0.6101997,0.6092288,0.60631,0.6036702,0.6087963,0.612014,0.6086337,0.6043048,0.6023926,0.6103361,0.6058856,0.6048392,0.6049203,0.6019837,0.6080415,0.6034109,0.6127021,0.6056582,0.6022011,0.5986667,0.6106866,0.6088858,0.6096082,0.605106,0.6130025,0.6100958,0.6057078,0.6024337,0.6062306,0.6068784,0.6016853,0.6061529,0.6088491,0.599308,0.6088028
0.5970849,0.6066888,0.6028152,0.611533,0.6100657,0.6065239,0.6036702,0.6087963,0.6133255,0.6087559,0.6046282,0.6023926,0.6103361,0.606134,0.6050234,0.6049203,0.6020442,0.6086682,0.6035517,0.6127388,0.6058619,0.6022011,0.599153,0.611972,0.6088858,0.6096082,0.605106,0.6131515,0.6101378,0.6057078,0.6024337,0.6069649,0.6068784,0.6019036,0.6063946,0.6088491,0.5997484,0.6088028
0.597179,0.6072155,0.6028152,0.611533,0.6102266,0.6065239,0.603701,0.6093864,0.6133255,0.6087559,0.6068168,0.6024148,0.6104126,0.606134,0.6053094,0.6061044,0.6020442,0.6091356,0.6035517,0.6127388,0.6058896,0.6031578,0.599153,0.6120073,0.6090422,0.6100736,0.6052357,0.6131515,0.6101378,0.6069067,0.6026137,0.6069649,0.6072212,0.6019036,0.6066106,0.6090017,0.6004453,0.6088128
0.597179,0.6076983,0.6028422,0.611534,0.6102266,0.6068113,0.603701,0.6100302,0.614686,0.6088848,0.6068168,0.6025047,0.6104126,0.6061933,0.6053094,0.6062138,0.6021222,0.6095998,0.6038448,0.6137049,0.6060006,0.603526,0.5995051,0.6120073,0.6090422,0.6100736,0.6052357,0.6132669,0.6102385,0.6077906,0.6026137,0.6070136,0.6072212,0.6019376,0.6075897,0.6092601,0.6008438,0.6094448
0.5972784,0.6077755,0.6030595,0.611534,0.6108426,0.6068113,0.6037181,0.6103185,0.6148987,0.6089273,0.6073751,0.6028705,0.611022,0.6061933,0.6062038,0.6063432,0.6021222,0.6095998,0.6038448,0.6137049,0.6060006,0.6042295,0.5995051,0.6120508,0.6093292,0.6102045,0.6053091,0.6137997,0.6104943,0.6079456,0.6031347,0.6070136,0.6079573,0.6020311,0.6075897,0.6093729,0.6013748,0.6100293
0.5972784,0.6077755,0.6030595,0.6117268,0.6108426,0.606929,0.6041661,0.6103843,0.6160837,0.6089582,0.6073751,0.6028705,0.6114218,0.606863,0.6062038,0.6072179,0.6029526,0.6097703,0.6041581,0.6153859,0.6065597,0.6042295,0.5997069,0.6124829,0.609428,0.6104151,0.6056074,0.6140305,0.6104943,0.6079456,0.6032956,0.6080622,0.6079573,0.6020878,0.6082225,0.6093729,0.6013748,0.6100293
0.5974012,0.6082417,0.6043499,0.6123124,0.6108561,0.606929,0.6044303,0.6103843,0.6160837,0.6093755,0.6078775,0.6029781,0.6114218,0.6068817,0.6068525,0.6076572,0.6029942,0.6108162,0.6041581,0.6153859,0.6066589,0.6045281,0.5997069,0.6126511,0.609428,0.6110008,0.6061134,0.6140305,0.6106534,0.6080988,0.6034549,0.6082159,0.6082811,0.6020878,0.6084918,0.6096197,0.6023379,0.6105724
0.5974012,0.6082417,0.605205,0.6123124,0.6116998,0.6073282,0.6044303,0.6105098,0.6165598,0.6093755,0.6087928,0.6029781,0.6116224,0.6068854,0.6068525,0.6077211,0.6029942,0.6108162,0.604687,0.6167143,0.606856,0.604719,0.6003188,0.6126511,0.6104617,0.6111491,0.6061134,0.6142016,0.6106534,0.6080988,0.6034549,0.6082159,0.6086928,0.6026099,0.6084918,0.6096978,0.6029823,0.6109492
0.5976663,0.6095065,0.6053113,0.6124552,0.6117918,0.6074202,0.6044597,0.6105098,0.6165598,0.6096553,0.6091255,0.6039185,0.6134462,0.608177,0.6073449,0.6081107,0.6034179,0.6109261,0.604687,0.6168442,0.6072874,0.6048349,0.6007495,0.6131575,0.6107937,0.6113235,0.6064695,0.614558,0.6107511,0.6081101,0.6053112,0.60839,0.6088438,0.6026099,0.6091691,0.6098994,0.6036623,0.6109492
0.5976663,0.6095065,0.6053294,0.6128177,0.6130139,0.607647,0.6047335,0.6105177,0.6170625,0.6121721,0.6091255,0.6039185,0.6134462,0.6084283,0.6073449,0.6082023,0.6039701,0.611314,0.6048443,0.6170653,0.6072874,0.6048349,0.6007495,0.6131575,0.6107937,0.6114688,0.6064695,0.614558,0.6107511,0.6088423,0.6053112,0.60839,0.6092692,0.6035053,0.6091691,0.6102723,0.6038521,0.6114781
0.598111,0.6099214,0.6053294,0.6128177,0.6139712,0.6076976,0.6047335,0.6105177,0.6170625,0.6127253,0.609223,0.6043011,0.6134503,0.6088207,0.6089975,0.6082023,0.6043407,0.611314,0.6048443,0.617215,0.6073009,0.6052071,0.600847,0.613766,0.6112367,0.6114688,0.6071712,0.6146049,0.610979,0.6088423,0.6058578,0.6086776,0.6092692,0.6035053,0.6093547,0.6103294,0.6038521,0.6114781
0.598111,0.6101467,0.6059238,0.6128263,0.6139712,0.6077999,0.6056304,0.6106107,0.6170665,0.6131294,0.609223,0.6043011,0.6134503,0.6093597,0.6089975,0.6083827,0.6053646,0.6118126,0.6049374,0.617215,0.6073009,0.6052071,0.6010794,0.613766,0.6112367,0.6118839,0.6071712,0.6146049,0.610979,0.6093671,0.6060013,0.6087828,0.6092723,0.6036612,0.6094562,0.6118,0.6046667,0.6115718
0.5983741,0.6101467,0.6064224,0.6128263,0.6140344,0.6077999,0.6056304,0.6106107,0.6177675,0.6134183,0.6092695,0.6044593,0.614158,0.6100428,0.609508,0.6086004,0.6054651,0.6118126,0.6049374,0.6172202,0.6073875,0.6062527,0.6010898,0.6140473,0.6123475,0.6120956,0.6073797,0.6148029,0.610981,0.6094028,0.6062002,0.6089292,0.6092723,0.6036612,0.6103107,0.6120815,0.604718,0.6115718
0.5983741,0.6107393,0.6068853,0.6141295,0.615012,0.6081297,0.6058651,0.6111139,0.6177675,0.6134183,0.6093958,0.6046613,0.614158,0.6102017,0.6097856,0.6097642,0.6060397,0.6121812,0.605226,0.6175909,0.6079759,0.6075004,0.6010898,0.6148297,0.6124788,0.6120956,0.6076482,0.6148029,0.6110716,0.6094028,0.6062002,0.6097459,0.6093533,0.6044624,0.6103878,0.6122829,0.6047943,0.6120659
0.5990043,0.6125536,0.6068853,0.6141295,0.615012,0.608203,0.6061304,0.6111139,0.6185133,0.6136755,0.6107533,0.6046613,0.6142078,0.6104677,0.6097856,0.6097642,0.6065192,0.6121812,0.6052362,0.6185595,0.6082442,0.6075004,0.6011376,0.6149539,0.6124788,0.6121921,0.6076761,0.6150753,0.6111115,0.609682,0.6062697,0.6097459,0.6094353,0.6044624,0.6104806,0.6122829,0.6051786,0.6121112
0.5990043,0.6125536,0.6074621,0.6141512,0.6155539,0.6090525,0.6067135,0.6112756,0.6185133,0.6141559,0.6107533,0.6048145,0.614513,0.6104677,0.6100728,0.6101062,0.6065192,0.6130971,0.6057576,0.6188785,0.6082969,0.6080203,0.6011376,0.6149539,0.6126774,0.6122472,0.6076761,0.6150753,0.6111115,0.6098885,0.6065196,0.6107319,0.60961,0.6053876,0.6104806,0.6124225,0.6051786,0.6121112
0.5991402,0.6127805,0.6083536,0.6147861,0.6155539,0.6093254,0.6069147,0.6123158,0.6187839,0.6141559,0.6108961,0.6055823,0.614513,0.6105454,0.6100728,0.6104374,0.6067098,0.6130971,0.6062467,0.6195644,0.6082969,0.6085945,0.6016617,0.6154821,0.6128478,0.6123522,0.6096349,0.6158153,0.6115623,0.6098885,0.6067409,0.6107319,0.60961,0.6055595,0.6106005,0.6126791,0.6060351,0.6121277
0.5991402,0.6127805,0.6087967,0.6147861,0.6159978,0.6095114,0.6082966,0.6123158,0.6187839,0.6141659,0.6110553,0.6055823,0.6149224,0.6107425,0.6103447,0.6109371,0.6094083,0.6137901,0.6062467,0.6195644,0.6087013,0.609229,0.6016837,0.6154821,0.6128478,0.6123522,0.6098767,0.6158153,0.6123583,0.6099382,0.6067409,0.6124035,0.6108665,0.6055595,0.6106005,0.6127803,0.6060351,0.6121748
0.5996565,0.6133212,0.6091926,0.6150504,0.6163096,0.6098642,0.6083503,0.6146057,0.6199877,0.6141659,0.6112998,0.6066066,0.6150756,0.6107537,0.6105114,0.6129969,0.6094492,0.6141189,0.6068756,0.6201524,0.6089515,0.609229,0.6019075,0.6159511,0.6131454,0.6126886,0.6098767,0.615991,0.6123583,0.6107927,0.6070545,0.612404,0.6110644,0.6058867,0.6110442,0.6127803,0.6063912,0.6123638
0.5996565,0.6134482,0.6091926,0.615068,0.6168892,0.6099736,0.6086868,0.6146057,0.6199877,0.6145554,0.6122667,0.6066066,0.6150756,0.6107537,0.6111894,0.6135924,0.6094492,0.6141189,0.6071999,0.6201524,0.6089515,0.6092891,0.6027972,0.6159511,0.6133604,0.6126886,0.6108195,0.615991,0.6127895,0.6109703,0.6070545,0.612404,0.6111095,0.6062658,0.6110442,0.6130893,0.6064145,0.6123638
0.6000508,0.6138866,0.6095558,0.615068,0.6170031,0.6102169,0.6086868,0.6148454,0.6201509,0.615932,0.6122667,0.6079735,0.6157481,0.6109931,0.6111949,0.6135924,0.6097049,0.6152542,0.6071999,0.6206144,0.6095386,0.6099218,0.6027972,0.6160515,0.6136617,0.6137301,0.6108195,0.6163658,0.6144755,0.6112742,0.6070587,0.6128262,0.6112053,0.6062658,0.6114396,0.6130893,0.6064145,0.6128154
0.6000508,0.6141685,0.6095558,0.615337,0.6174052,0.6102169,0.6090493,0.6149656,0.6201509,0.615932,0.6133798,0.6079735,0.6157481,0.6109931,0.6114203,0.6137324,0.6097049,0.6152542,0.6073734,0.6214362,0.6096355,0.612404,0.6031973,0.616074,0.6136617,0.6137461,0.6111814,0.6167183,0.6145638,0.6115292,0.60797,0.6135477,0.6112053,0.6065051,0.6117399,0.613133,0.6064452,0.6128154
0.6000884,0.6141685,0.6097901,0.6153558,0.6176604,0.6102202,0.6092824,0.6149656,0.6202197,0.6167399,0.6134661,0.6082884,0.6162913,0.6111661,0.6117736,0.6143355,0.6103614,0.6166137,0.6073734,0.6214362,0.6097502,0.612404,0.6031973,0.6167248,0.6139692,0.6137461,0.6113377,0.6167183,0.6149433,0.6127594,0.60797,0.6135477,0.6128088,0.6065051,0.6117399,0.6138218,0.6076793,0.6128737
0.6000884,0.6143516,0.610041,0.6154475,0.6176604,0.6102202,0.6093352,0.6150076,0.6207115,0.6174856,0.6134661,0.609322,0.6164909,0.6114003,0.6117736,0.6150927,0.6104162,0.6167854,0.6074663,0.6216257,0.6098717,0.6124158,0.6035944,0.6167248,0.614242,0.6138835,0.6114432,0.6183489,0.6150695,0.6139005,0.6088641,0.6137838,0.6131491,0.6069693,0.6117642,0.6138218,0.6076793,0.6135044
0.6002382,0.6143516,0.610041,0.6168613,0.6177253,0.6107237,0.6093683,0.6150076,0.6209798,0.6175126,0.6139739,0.6095192,0.6166921,0.6120154,0.6124279,0.6150927,0.6104162,0.6167854,0.6074663,0.6216257,0.6098717,0.6124158,0.6035944,0.6167667,0.6145956,0.6151669,0.6120518,0.6191033,0.6160872,0.6139005,0.6088641,0.6137838,0.6131491,0.6069874,0.612063,0.6140616,0.6081148,0.6135128
0.6006262,0.6154521,0.6100714,0.617166,0.6178088,0.6116929,0.6094688,0.6153258,0.6209798,0.6175126,0.6146417,0.6097551,0.6177891,0.6120154,0.613592,0.6151311,0.6112159,0.6177423,0.6080662,0.6217681,0.610716,0.6136617,0.60363,0.6167667,0.614972,0.6162597,0.6122998,0.6192996,0.616599,0.6152878,0.609066,0.6138563,0.6136449,0.6072509,0.612063,0.6140616,0.6081148,0.6140607
0.6008483,0.6154521,0.6101516,0.61726,0.6178088,0.6116929,0.6094688,0.6162774,0.6221579,0.6176162,0.6146417,0.6098171,0.6177891,0.6121004,0.613592,0.6154473,0.6112159,0.6185029,0.6080662,0.6217681,0.6115429,0.6137471,0.60363,0.6169826,0.614972,0.6162597,0.6122998,0.6194127,0.6168722,0.6164215,0.6101437,0.6145572,0.6136449,0.6073571,0.6126778,0.6143163,0.6088813,0.6140607
0.6008483,0.6155975,0.6101516,0.6190221,0.6178533,0.6119931,0.609729,0.6162774,0.6221579,0.6176461,0.6147635,0.6106426,0.6183834,0.6125112,0.614039,0.6154473,0.6125161,0.6185029,0.6085574,0.6220707,0.6115818,0.6142388,0.604129,0.6170199,0.615012,0.6163979,0.6125045,0.6194133,0.6168722,0.6166721,0.6101437,0.614676,0.6137771,0.6073571,0.6126778,0.6144571,0.6090072,0.6148355
0.6010427,0.6155975,0.6107571,0.6192681,0.6183098,0.6123415,0.6100135,0.6170602,0.6223469,0.6176461,0.6147635,0.6116486,0.6190379,0.6134049,0.6141789,0.616608,0.6126211,0.6186253,0.6091919,0.6220707,0.6123832,0.6142388,0.604129,0.6171011,0.615012,0.6165277,0.6126019,0.6194133,0.6169661,0.6166721,0.6113804,0.6147895,0.6137771,0.6081983,0.6127503,0.6144571,0.60955,0.6148355
0.6010427,0.6159242,0.610933,0.6192681,0.6184796,0.6124548,0.6109387,0.6170602,0.6223469,0.6181571,0.6150626,0.6116486,0.6194783,0.6134192,0.6150386,0.616608,0.6126211,0.6187773,0.6099459,0.6226108,0.6123832,0.6147178,0.6047952,0.6171011,0.6155474,0.6172127,0.6129869,0.6194426,0.6172134,0.6168058,0.6115128,0.6151384,0.6138404,0.6081983,0.6127706,0.6149444,0.60955,0.6148975
0.6020778,0.6162098,0.6110168,0.6197314,0.6193695,0.6129677,0.6109387,0.6173886,0.6223613,0.6181571,0.6150626,0.611843,0.6195774,0.6134192,0.6150386,0.6170156,0.6129151,0.6189389,0.6099459,0.6229472,0.6126679,0.6151978,0.6050099,0.6173226,0.6155474,0.6173597,0.6129869,0.6200955,0.6172134,0.6168058,0.6116169,0.6151384,0.6138404,0.6084814,0.613049,0.6149444,0.6096959,0.6151421
0.6022399,0.6166403,0.6112993,0.6197314,0.6196037,0.6133289,0.6112426,0.6179647,0.6224581,0.6182642,0.6156258,0.6123735,0.619814,0.6135666,0.6152872,0.6177813,0.6129151,0.6189389,0.6100957,0.622966,0.613398,0.6156408,0.6050099,0.6173226,0.6155502,0.617412,0.6131126,0.6200955,0.6179288,0.6168356,0.6117555,0.6154081,0.614115,0.6086264,0.6134116,0.615076,0.6108544,0.6156611
0.6022399,0.6167902,0.6114806,0.6202187,0.6211369,0.6133289,0.6112426,0.6182906,0.6224581,0.6182662,0.615751,0.6124751,0.6199935,0.6135666,0.6157625,0.6177987,0.6129454,0.6191215,0.6102314,0.622966,0.613398,0.6157404,0.6051205,0.6174544,0.6155502,0.6187007,0.6138482,0.6201001,0.6183838,0.6168356,0.6117555,0.6154081,0.6142921,0.6086949,0.6134116,0.615076,0.6108544,0.6161707
0.6023542,0.6167902,0.6123255,0.6204019,0.6211369,0.6139534,0.6114565,0.6185211,0.6225823,0.6182662,0.6157559,0.6124751,0.6199935,0.6142155,0.6157625,0.6178973,0.6131109,0.6191215,0.6104953,0.6232418,0.6143613,0.6157404,0.6051205,0.6175297,0.6160582,0.6187007,0.6138482,0.6201001,0.6183838,0.6169822,0.611899,0.61578,0.6153757,0.6090804,0.613497,0.6155166,0.6109639,0.6167773
0.6023542,0.6169502,0.612722,0.6209146,0.6212641,0.6139534,0.6114905,0.6185211,0.6225899,0.6194704,0.6158921,0.6126123,0.6206212,0.6142155,0.6159266,0.6178973,0.6131109,0.6197286,0.6104953,0.6232418,0.6143613,0.6162542,0.6054762,0.6175297,0.6164481,0.6191622,0.614383,0.6207021,0.6185072,0.6171326,0.6128914,0.6160226,0.6157728,0.6090804,0.6141261,0.6155166,0.6109639,0.6176146
0.6028003,0.6174442,0.6131541,0.6209146,0.6212641,0.6143915,0.6128457,0.6193154,0.6232212,0.6198411,0.6158921,0.6128145,0.6206272,0.6142309,0.6161144,0.6185602,0.6132032,0.6199566,0.6106443,0.6233888,0.6145335,0.6164546,0.6058344,0.6179499,0.6164481,0.6191622,0.6144125,0.6221836,0.6185274,0.6178048,0.6130114,0.6171908,0.6157728,0.6097233,0.6142261,0.6156234,0.6124371,0.6182434
0.602885,0.6174442,0.6139913,0.6211722,0.6214888,0.6143915,0.6128457,0.6195815,0.6234822,0.6199238,0.6161697,0.6128183,0.6206272,0.6142309,0.616153,0.6197372,0.6132032,0.6200287,0.6106443,0.6233888,0.6145335,0.6168305,0.6058344,0.6179499,0.6167677,0.6192619,0.6148899,0.6221836,0.6185274,0.6178048,0.6130114,0.6171908,0.6163877,0.6097233,0.6143468,0.6156234,0.6124371,0.6182434
0.602885,0.6174778,0.614614,0.6211722,0.6219966,0.614521,0.6129972,0.6197201,0.6236798,0.6199498,0.6161697,0.6140438,0.6213752,0.6147891,0.6162741,0.6198106,0.6155904,0.6200287,0.6116496,0.6234657,0.6151485,0.6168305,0.6060808,0.6181428,0.6167677,0.6192619,0.6149262,0.622282,0.6190366,0.6178507,0.6131693,0.6173562,0.6167179,0.6098905,0.6144343,0.6156497,0.6127143,0.6187964
0.6029179,0.6177936,0.614614,0.6216489,0.6219966,0.6145437,0.6134012,0.6197201,0.6236798,0.6199552,0.6162082,0.6140438,0.6225663,0.6148145,0.6164182,0.6203213,0.6157973,0.6206185,0.6118719,0.6234657,0.6151485,0.6169698,0.606141,0.618203,0.6173287,0.6193983,0.6149262,0.6223221,0.6190366,0.6180198,0.6136926,0.6173562,0.6167179,0.6098905,0.6144343,0.6157539,0.6130687,0.6187964
0.6029179,0.6177936,0.6146982,0.6216489,0.6224616,0.6155152,0.6134012,0.6201893,0.6238865,0.6199552,0.6169623,0.6141782,0.6225663,0.6153675,0.6164182,0.6204477,0.6157973,0.6206185,0.6118719,0.6239551,0.6157377,0.6173865,0.6066605,0.618203,0.6173287,0.6195941,0.6149486,0.6225989,0.6192391,0.6187903,0.6137632,0.6173633,0.6169461,0.6100041,0.6145234,0.6157539,0.6130687,0.6188496
0.6033201,0.6178484,0.6146982,0.6216679,0.6224616,0.6169851,0.6138647,0.6210677,0.6238865,0.6201351,0.6169985,0.6142997,0.6226543,0.6153675,0.6168528,0.6204637,0.6158186,0.6206844,0.6121295,0.6243974,0.6158377,0.6182154,0.6069236,0.6190311,0.6177057,0.6195941,0.6151898,0.6225989,0.6204203,0.6188811,0.6140512,0.6173633,0.6169461,0.6102285,0.6149233,0.6164769,0.6142544,0.6194338
0.6033201,0.6199417,0.6155217,0.6216679,0.6227713,0.6170762,0.6138647,0.6211144,0.6239823,0.6211613,0.6169985,0.6142997,0.6226543,0.6154298,0.6169754,0.6204637,0.6160371,0.6207956,0.6124735,0.6244063,0.6177833,0.6182338,0.6071461,0.6198297,0.6177057,0.619922,0.6153626,0.6232838,0.6207761,0.6188811,0.6142919,0.6173662,0.6170357,0.6104448,0.6149233,0.6164769,0.6142544,0.6194706
0.6035522,0.6203624,0.6155707,0.6220739,0.6228461,0.6183345,0.6139452,0.6213799,0.6243073,0.6216869,0.6176433,0.61526,0.6255756,0.61625,0.6169844,0.6210974,0.6162267,0.6213039,0.6126755,0.6245191,0.6187608,0.6184397,0.6071461,0.6198297,0.6177946,0.619922,0.6161868,0.6238861,0.6218864,0.6200747,0.6143742,0.6173763,0.6172787,0.6104448,0.6150003,0.6166279,0.614754,0.6196744
0.6038985,0.6203624,0.6155707,0.6221654,0.6228461,0.6183345,0.6139452,0.6213799,0.6243073,0.6217768,0.6178012,0.6153431,0.6255833,0.6162979,0.6169844,0.6210974,0.6164724,0.6218288,0.6126755,0.6247091,0.6187608,0.6188253,0.607553,0.6198774,0.6179745,0.6204755,0.6161868,0.624145,0.6223891,0.6200747,0.6143742,0.6175434,0.6172787,0.6106535,0.6152815,0.6166279,0.614754,0.6196744
0.6038985,0.620424,0.6157124,0.6221654,0.6231269,0.6187217,0.6139747,0.6214398,0.6243888,0.6217768,0.6179863,0.6153431,0.6255833,0.6162979,0.6176954,0.6211327,0.6164724,0.6218288,0.6126993,0.6247091,0.6188424,0.6188253,0.607553,0.6198988,0.6183935,0.6204755,0.6168873,0.6244688,0.6223891,0.6202945,0.614857,0.618032,0.6179449,0.6106535,0.6159139,0.6168899,0.6152908,0.6200904
0.6043394,0.620502,0.6157348,0.6223526,0.6231269,0.6187217,0.6139747,0.6219821,0.6244867,0.6219438,0.6179935,0.6164903,0.6259898,0.6165035,0.6178508,0.6213437,0.6172378,0.6218664,0.6128804,0.625203,0.6188424,0.6188536,0.6080625,0.6198988,0.6183935,0.6212007,0.6168873,0.6247213,0.6224757,0.6205988,0.6149044,0.6180413,0.618706,0.6135792,0.6163506,0.6169269,0.6153628,0.6200904
0.6048445,0.6205724,0.6157348,0.6227747,0.6234866,0.6189754,0.6139752,0.6219821,0.6244867,0.6220742,0.6187239,0.6164903,0.6263303,0.6170772,0.6179068,0.6213437,0.6172378,0.6234936,0.6136211,0.625841,0.6189009,0.6190948,0.6080625,0.6203094,0.6186097,0.6213515,0.6173691,0.6254994,0.6226513,0.621312,0.6150846,0.6180413,0.6188691,0.6140982,0.6163996,0.6177413,0.6160041,0.620304
0.604941,0.6212177,0.6158589,0.6228115,0.6234866,0.6189754,0.6139752,0.6225548,0.6245712,0.6222535,0.6187239,0.6165043,0.6263303,0.6170772,0.6179068,0.62169,0.6176479,0.6236385,0.6138047,0.625841,0.6189009,0.6190948,0.608449,0.6203309,0.6186097,0.6213515,0.6183822,0.6254994,0.6226513,0.6214775,0.6151068,0.6186688,0.6204555,0.6148623,0.6167562,0.6182162,0.6160041,0.620949
0.604941,0.6212177,0.6175382,0.6228115,0.6235297,0.6195212,0.6143269,0.6231628,0.624677,0.6223975,0.6194159,0.6172169,0.6263797,0.6194386,0.6179286,0.6217504,0.6178865,0.6236385,0.6138047,0.626015,0.6193668,0.6194231,0.6088724,0.6207771,0.6191875,0.621632,0.6183822,0.6260418,0.6228847,0.6218929,0.6155782,0.619245,0.6205939,0.6153095,0.6174121,0.6182162,0.6161524,0.620949
0.6053903,0.6220368,0.617634,0.6232206,0.6235374,0.6200892,0.6145656,0.623213,0.6247294,0.6232376,0.6199407,0.6177326,0.6263797,0.6197417,0.618001,0.6217504,0.6178865,0.6236441,0.6143083,0.626015,0.6193668,0.6194231,0.6089588,0.620891,0.6191875,0.6221835,0.6184492,0.6262763,0.6233803,0.6218929,0.6160646,0.6196074,0.6208755,0.6153095,0.6174121,0.6187477,0.6161691,0.6210003
0.6056192,0.6226858,0.617634,0.6241043,0.6236878,0.620105,0.6145656,0.6233217,0.6258508,0.6232376,0.6200084,0.6177326,0.6266473,0.6201208,0.6181346,0.6223518,0.6180637,0.6242339,0.6144867,0.6269436,0.6194853,0.6194257,0.6097984,0.6210215,0.6199692,0.6230193,0.6193199,0.6267682,0.6240266,0.621916,0.6165604,0.6199405,0.6211888,0.6171395,0.6182498,0.6187477,0.6161691,0.6210685
0.6056192,0.623139,0.6177406,0.6244688,0.6236878,0.6202304,0.6147128,0.6233217,0.6259969,0.6236104,0.6200084,0.6178206,0.627128,0.6213947,0.6181346,0.6228775,0.6180638,0.6244205,0.6147082,0.6271354,0.6195797,0.6197499,0.6098816,0.6219281,0.6199692,0.6230193,0.6194852,0.6267682,0.6247785,0.6224103,0.6179814,0.6199405,0.6211888,0.6174534,0.6182792,0.619064,0.6164111,0.6210685
0.6056605,0.624002,0.6180747,0.6244688,0.6238487,0.6203559,0.6147128,0.624397,0.6259969,0.6236104,0.6201205,0.6181806,0.6272883,0.6213947,0.6181681,0.624588,0.6180638,0.6247143,0.6149886,0.6284983,0.6195797,0.6201815,0.61018,0.6219281,0.6199981,0.623232,0.6205704,0.6271978,0.6247785,0.6227855,0.6192287,0.6203897,0.6212399,0.6174534,0.6185026,0.6191907,0.6170651,0.6221605
0.6057629,0.624002,0.6182238,0.624542,0.6242201,0.62056,0.6147208,0.624397,0.6264093,0.6242631,0.6202939,0.6194961,0.6274969,0.6216864,0.6181681,0.6256826,0.6192505,0.6248753,0.6152727,0.6284983,0.6197405,0.6209965,0.6108389,0.6228758,0.6199981,0.6234046,0.6205704,0.6274274,0.6249997,0.6227855,0.6192287,0.6203897,0.6212399,0.6175528,0.6185405,0.619208,0.6170651,0.6221605
0.6060771,0.6241554,0.6182238,0.6250552,0.6242201,0.62056,0.6149612,0.6244219,0.6264093,0.6246834,0.6207709,0.6194961,0.6274969,0.6219181,0.6186709,0.6256969,0.6195084,0.6252653,0.6152727,0.6289414,0.6197817,0.621266,0.6108389,0.6228758,0.6203127,0.6234046,0.620941,0.6274274,0.6249997,0.6227964,0.6193052,0.6208983,0.6214008,0.6176664,0.6185405,0.6192899,0.6174522,0.6241882
0.6065102,0.6241554,0.618553,0.6255727,0.6246057,0.6209979,0.6149816,0.6244219,0.626446,0.6253609,0.6208144,0.6195039,0.6276091,0.6221979,0.6186709,0.6256969,0.6195682,0.6252765,0.615327,0.6290904,0.6197817,0.6214406,0.6128921,0.6233163,0.6203292,0.6237623,0.6213855,0.6275396,0.6253572,0.6229907,0.6193776,0.6213704,0.6217724,0.6176706,0.6189947,0.6192899,0.6178761,0.6241882
0.6065102,0.6244037,0.6187347,0.6259097,0.624686,0.6217643,0.6151232,0.6246634,0.6266608,0.6253609,0.6208144,0.6197403,0.6276207,0.6222803,0.6192391,0.6258386,0.6195682,0.6261444,0.6156605,0.629357,0.6200219,0.6214406,0.6133934,0.6233163,0.6209224,0.6237623,0.6215477,0.6277224,0.6260207,0.623008,0.6193776,0.621405,0.6218921,0.6176706,0.6189947,0.6200071,0.6178761,0.6249311
0.6066982,0.6244037,0.6187347,0.6262894,0.6255361,0.6224625,0.6153693,0.6246634,0.6267421,0.6255415,0.6209837,0.6197403,0.628411,0.623353,0.6192391,0.6258386,0.6202679,0.6261985,0.6164244,0.6303669,0.6200219,0.6220171,0.6141787,0.6234496,0.6215483,0.6242317,0.6220316,0.6283864,0.6260207,0.6235982,0.6199044,0.621405,0.6218921,0.6176707,0.6197163,0.6207717,0.6180695,0.6251276
0.6067526,0.6247731,0.6187719,0.626399,0.6267599,0.6224625,0.6154504,0.6248043,0.6267421,0.6255415,0.6209837,0.6200029,0.6284137,0.6235107,0.620127,0.6265458,0.6202679,0.6261985,0.6172978,0.6308766,0.6201037,0.6223576,0.6141787,0.6235461,0.6215981,0.6243699,0.6222131,0.6284897,0.6263279,0.6235982,0.6209805,0.621468,0.6219049,0.6184057,0.6197163,0.6207717,0.6180695,0.6258654
0.6067526,0.6250846,0.6187719,0.626399,0.6267599,0.6227173,0.6161223,0.6258767,0.6276803,0.6256889,0.6211568,0.6200029,0.6284598,0.6235107,0.6210003,0.6270674,0.6206007,0.626241,0.6179375,0.6308863,0.6201037,0.6228152,0.6142755,0.6235461,0.6216063,0.6245287,0.6222148,0.6284897,0.626357,0.6246675,0.6214768,0.6214839,0.6219049,0.6184057,0.6210381,0.6208045,0.6184076,0.6258678
0.6072035,0.6250846,0.619243,0.62711,0.6268255,0.6227173,0.6170084,0.6258767,0.6277283,0.6260882,0.6211629,0.620507,0.6287085,0.6236813,0.6210003,0.627297,0.6208064,0.6263305,0.619583,0.6308863,0.6203195,0.6228152,0.6146045,0.6239938,0.6216784,0.6245287,0.62229,0.6288453,0.626557,0.6246675,0.6215977,0.6217411,0.6220966,0.6188579,0.6211804,0.621075,0.6184076,0.6258678
0.6072035,0.6252005,0.6195968,0.6282065,0.6268255,0.6235207,0.6177201,0.6258805,0.6278652,0.6271731,0.6211629,0.620507,0.6296559,0.6239709,0.6214216,0.627297,0.6208064,0.6280213,0.619583,0.6315456,0.6211091,0.6230898,0.6146542,0.6239938,0.6216842,0.6248657,0.6224801,0.6294307,0.626557,0.6247738,0.6225406,0.6223786,0.6221085,0.6196654,0.6211804,0.621075,0.6188737,0.6259226
0.6074816,0.6252005,0.6195968,0.6282065,0.6273563,0.62507,0.6196024,0.6258805,0.6281544,0.6271803,0.6219853,0.6206114,0.6296559,0.6239709,0.6214216,0.6276672,0.6208348,0.6280523,0.6196505,0.6315456,0.621343,0.6235871,0.6146542,0.6241864,0.6216842,0.6253158,0.6224801,0.6295697,0.6271532,0.6247738,0.6235787,0.6223786,0.6224399,0.6196654,0.6223911,0.6211146,0.6191112,0.6259226
0.6076414,0.625544,0.6199891,0.6283286,0.6273563,0.6254453,0.6205063,0.6259775,0.6282122,0.627296,0.6219853,0.6206114,0.6299026,0.6243872,0.6217557,0.6276672,0.6208752,0.6295349,0.6197949,0.6320893,0.6225328,0.6245989,0.6169094,0.6241864,0.6221085,0.6253453,0.6230164,0.6296048,0.6271532,0.6256986,0.6236836,0.6230807,0.6224399,0.6196928,0.6226739,0.6211146,0.61916,0.6269538
0.6076414,0.6257135,0.6199891,0.6290803,0.6284782,0.6257324,0.6205063,0.6265921,0.6282122,0.6273194,0.6223208,0.620809,0.6299026,0.6243872,0.6217557,0.627686,0.6209901,0.6302084,0.6199205,0.6323646,0.6241041,0.6252775,0.6180253,0.6243435,0.6222143,0.6253453,0.6234778,0.6300499,0.627297,0.6256986,0.6236836,0.6230807,0.6239689,0.6198887,0.6233848,0.6212787,0.6192076,0.6269538
0.608268,0.626082,0.6200015,0.6299513,0.6292209,0.6257324,0.6205514,0.6266001,0.62891,0.6274151,0.6223208,0.6209448,0.6299233,0.624404,0.6223997,0.6280019,0.6214558,0.630721,0.6202304,0.6326565,0.6241657,0.6256283,0.6181593,0.6246515,0.6226983,0.6255486,0.6234778,0.6300499,0.627297,0.6257087,0.6244383,0.6235611,0.6248066,0.6203838,0.6238782,0.6214304,0.6192076,0.6271615
0.6086053,0.626082,0.6200015,0.6300682,0.6293047,0.6263286,0.6210311,0.6266001,0.6292331,0.6274151,0.6226055,0.6213724,0.6307521,0.6249907,0.6223997,0.6280401,0.6214558,0.6313327,0.6202553,0.6327906,0.6248313,0.6256283,0.6181593,0.6246666,0.623415,0.6258754,0.6235122,0.6304566,0.6287376,0.6261736,0.6251178,0.6235611,0.6250884,0.620952,0.6239638,0.6216078,0.6196431,0.6271912
0.6086053,0.6264284,0.6200902,0.6300682,0.6293047,0.6270984,0.6212288,0.6266761,0.6295549,0.6279367,0.6228243,0.6214944,0.6308955,0.6249907,0.622475,0.6280401,0.6218323,0.6313327,0.6202553,0.6327906,0.6250671,0.6274982,0.618392,0.6248248,0.6234802,0.6263879,0.6243502,0.6305889,0.6290052,0.6261941,0.6251178,0.6241218,0.6250884,0.620952,0.6239638,0.621885,0.619726,0.6272475
0.6086092,0.6269126,0.6210426,0.6305894,0.6297322,0.6292048,0.6213624,0.6266761,0.6297236,0.6279367,0.6228243,0.6214944,0.6309639,0.6253139,0.6227848,0.6281107,0.6218323,0.6318926,0.6209477,0.6336301,0.6253446,0.627699,0.618392,0.6250993,0.6234802,0.6264425,0.6249694,0.6307222,0.6295627,0.6261941,0.625238,0.6242436,0.6253017,0.6210645,0.6239873,0.6218878,0.6205495,0.6272475
0.6090901,0.6269126,0.6218701,0.6305894,0.6303149,0.6292048,0.6218468,0.6268514,0.63064,0.6280758,0.6233567,0.6222566,0.6309639,0.6253291,0.6232286,0.6289099,0.6220308,0.6319782,0.6209589,0.6337623,0.6257891,0.627699,0.618488,0.6273131,0.6235549,0.627034,0.6251714,0.6312771,0.6299694,0.6269515,0.6254589,0.6242436,0.6254905,0.6210645,0.6239873,0.6218878,0.6212871,0.627285
0.6092609,0.6271371,0.6218994,0.6306783,0.6303149,0.6295381,0.6218468,0.6279645,0.6319265,0.6280758,0.6233567,0.6222566,0.6309739,0.6253291,0.6233762,0.629361,0.6220308,0.6322702,0.6211692,0.6337892,0.6264564,0.6280795,0.618689,0.627406,0.6235549,0.627034,0.6257719,0.6342372,0.63035,0.6278262,0.6255568,0.6248125,0.627212,0.6213172,0.6241542,0.6222357,0.6218096,0.6273463
0.6092609,0.6271518,0.6223869,0.6311713,0.6303464,0.6295381,0.6224519,0.6279645,0.6322418,0.6283932,0.624114,0.6225153,0.6316605,0.6260636,0.6235013,0.629361,0.6221748,0.6324485,0.6211692,0.6337892,0.6264564,0.6289452,0.6192409,0.627406,0.6238869,0.6272861,0.6257719,0.6345913,0.63035,0.6282259,0.6256684,0.6250591,0.6276715,0.6214292,0.6245204,0.6223243,0.6222311,0.6276135
0.6093612,0.6277173,0.6229389,0.6313808,0.6303464,0.6298517,0.6232555,0.6289222,0.6323789,0.6285986,0.6249835,0.6226419,0.6320023,0.6260636,0.623751,0.6313024,0.6222578,0.6324485,0.6214455,0.6339713,0.6266765,0.6291411,0.6192538,0.6278015,0.623961,0.6278578,0.6263273,0.6347095,0.6305398,0.6282259,0.6258698,0.6250591,0.6280787,0.6216084,0.6250792,0.6231816,0.622365,0.6276135
0.6093612,0.6280567,0.6229389,0.6315825,0.631166,0.6299342,0.6237196,0.6289222,0.6327769,0.6285986,0.6258353,0.6227006,0.6325188,0.6263212,0.6239584,0.6313362,0.6223194,0.6326014,0.6219259,0.6343165,0.6266765,0.6291411,0.6193763,0.6278015,0.6244029,0.6278578,0.6270989,0.63559,0.6305934,0.6282463,0.6261788,0.6251965,0.6280787,0.6220846,0.6251915,0.6238111,0.6227388,0.6279141
0.6101276,0.6280882,0.6236304,0.6315825,0.6312403,0.6299342,0.6243838,0.6292285,0.6340052,0.6286882,0.6258353,0.6227006,0.6333339,0.6264273,0.6244619,0.6317384,0.6223194,0.6328661,0.6219925,0.6343165,0.6273129,0.6296567,0.6195228,0.6291567,0.6244029,0.6280894,0.6271839,0.6357268,0.6306662,0.6286006,0.626239,0.6252695,0.6290398,0.6220846,0.6251915,0.6249493,0.6235622,0.6279876
0.6112175,0.6280882,0.6236304,0.6319239,0.6324824,0.6313392,0.6245147,0.6295951,0.6341771,0.6286882,0.6259638,0.6229046,0.6333445,0.6272554,0.6244619,0.6317557,0.6226526,0.6332612,0.6220823,0.6346063,0.6278349,0.6299119,0.6196794,0.6294613,0.6255145,0.6280894,0.6271839,0.6362178,0.6306662,0.6287499,0.6267167,0.6252695,0.6291441,0.6221179,0.6255982,0.6251537,0.6235769,0.6283732
0.6112175,0.6288059,0.6238751,0.6321493,0.6338215,0.6313392,0.6248953,0.6310681,0.6344095,0.6294959,0.6259638,0.6229046,0.6333445,0.6273938,0.6244659,0.6317557,0.623302,0.6332612,0.6220823,0.6346063,0.6280702,0.6299119,0.6196794,0.6294613,0.6260355,0.628286,0.6275247,0.6362451,0.6312192,0.6293657,0.6268129,0.625594,0.6293449,0.6221179,0.6256024,0.6251537,0.6235769,0.6294619
0.6114729,0.6291089,0.6243378,0.6322787,0.6338215,0.6313637,0.624947,0.6310941,0.6344939,0.6303127,0.626087,0.6237215,0.6340856,0.6285458,0.6246593,0.63248,0.6237012,0.633398,0.6223354,0.6347859,0.628163,0.6302422,0.6200344,0.6295266,0.6278548,0.628286,0.6278027,0.6362451,0.6315402,0.6299501,0.628015,0.625594,0.6300045,0.6222133,0.6257704,0.6253261,0.6238757,0.6294619
0.6119953,0.6291089,0.6243378,0.6323507,0.6351502,0.6320528,0.6256097,0.6312049,0.6345018,0.6303127,0.6262834,0.6237215,0.6340856,0.6285458,0.6246593,0.6325873,0.6239993,0.633398,0.6234569,0.6348193,0.6284598,0.6305332,0.620538,0.6298251,0.6287599,0.628583,0.6278027,0.6365164,0.6316068,0.6299501,0.628015,0.6261516,0.6301485,0.6231342,0.6262553,0.6253261,0.6244769,0.6296064
0.6122747,0.62977,0.6245168,0.6324506,0.6351591,0.6320528,0.6257025,0.6321185,0.6345018,0.6303347,0.6262834,0.6251265,0.6341078,0.6286159,0.6248589,0.6325873,0.6244869,0.6334222,0.6234569,0.6348193,0.6286938,0.6308493,0.620538,0.6298251,0.6288723,0.6289639,0.6279048,0.6365164,0.6318111,0.6301021,0.6280296,0.6271257,0.6301485,0.6231751,0.6265755,0.6253741,0.624853,0.6296064
0.6124462,0.62977,0.6245168,0.6324506,0.6351591,0.633095,0.6257025,0.6321247,0.6348501,0.6303421,0.626793,0.6252315,0.6343776,0.6294344,0.6262908,0.6347599,0.6244869,0.6335526,0.6234573,0.6349769,0.6286938,0.6311087,0.6206227,0.6300556,0.629115,0.6289639,0.6279048,0.638081,0.6318496,0.6303999,0.6292878,0.6271257,0.630292,0.6231751,0.6265755,0.6253741,0.6252204,0.6296954
0.6125128,0.6300702,0.6245407,0.6327977,0.6352011,0.6332251,0.6260202,0.6321247,0.6350772,0.6305611,0.6269112,0.6264465,0.6352151,0.6300306,0.6262908,0.6350131,0.6246253,0.6339474,0.6234573,0.6349769,0.6289611,0.6313343,0.6207471,0.6300556,0.6291272,0.6292926,0.6280213,0.638081,0.6318496,0.6311253,0.6294264,0.6272103,0.6309432,0.6232437,0.6272675,0.625459,0.6254032,0.6299864
0.6125128,0.6300702,0.624697,0.6327977,0.6352011,0.6332251,0.6273006,0.6326259,0.6360504,0.6307456,0.6269112,0.6264465,0.6356497,0.6311833,0.6264007,0.6353016,0.6249352,0.6339478,0.6236038,0.6350375,0.6291712,0.6316048,0.6208137,0.6312927,0.6291272,0.6292926,0.6280213,0.6384524,0.631998,0.6312477,0.629811,0.6272925,0.6319261,0.6232812,0.6272675,0.6260312,0.625807,0.6312491
0.6126048,0.6301605,0.6251034,0.6328759,0.6353217,0.6342872,0.6276804,0.6326259,0.6376401,0.6308919,0.6277258,0.6270287,0.6356497,0.6313758,0.6264007,0.6353016,0.6249352,0.6340874,0.6236038,0.6350375,0.6297505,0.6316048,0.6208137,0.6312927,0.6291368,0.6293102,0.628122,0.6384809,0.6322462,0.6312477,0.629811,0.6272925,0.6320412,0.6232812,0.6274087,0.6270721,0.625807,0.6326368
0.6126048,0.6301605,0.6251418,0.6328759,0.6360139,0.6342872,0.6279354,0.6329107,0.6376401,0.6309181,0.6278049,0.6277069,0.6360427,0.631684,0.6278926,0.6353479,0.6249412,0.6343079,0.6241248,0.6350632,0.6299043,0.6317129,0.6211947,0.6321016,0.6294206,0.6294079,0.6282281,0.6388604,0.6325123,0.6329181,0.6299051,0.6280172,0.6320729,0.6234047,0.6287403,0.6271171,0.6261988,0.6326368
0.6126066,0.630262,0.6262987,0.6329909,0.6360139,0.6343232,0.6289502,0.6330025,0.6385345,0.6309181,0.6278509,0.6278901,0.6361775,0.6325237,0.6283758,0.6353479,0.6253511,0.6343302,0.6241248,0.6350632,0.6299043,0.6317129,0.6211947,0.6321016,0.6295249,0.6294079,0.6290364,0.6389909,0.6325123,0.6331053,0.6299051,0.6289133,0.6320729,0.6237713,0.6287596,0.6272908,0.6266561,0.63289
0.6126066,0.630262,0.6264724,0.6333858,0.6367338,0.6343232,0.6289502,0.6332806,0.6385345,0.6310415,0.6278509,0.6279222,0.6368974,0.6325237,0.6283758,0.6353606,0.6253511,0.6346915,0.6252972,0.635308,0.6299097,0.6321011,0.6212967,0.6322844,0.6301249,0.629587,0.6290573,0.6393481,0.6330317,0.6331053,0.6301195,0.629153,0.6322821,0.624233,0.6287603,0.6277501,0.6266561,0.6333533
0.6126527,0.6303392,0.6264724,0.6335641,0.6371462,0.6345459,0.6294162,0.633723,0.6391251,0.6311317,0.6287045,0.6279222,0.6368974,0.6329926,0.6297205,0.6353606,0.6255095,0.6357621,0.6257382,0.635308,0.6299097,0.6321011,0.6220841,0.6322844,0.6301249,0.6297226,0.6290573,0.6404466,0.6330663,0.6344124,0.630233,0.6291655,0.6324683,0.6244682,0.6296819,0.6280632,0.626813,0.6333533
0.6128974,0.6304954,0.6267288,0.6344732,0.6385357,0.6345511,0.6294162,0.6338106,0.6391251,0.6315294,0.6296542,0.6281603,0.637481,0.6329926,0.6297205,0.6354151,0.6255095,0.6365327,0.6258062,0.6353491,0.6305774,0.6321616,0.6220841,0.6326764,0.6301886,0.629877,0.6291883,0.6410348,0.6330663,0.6350491,0.630247,0.6293472,0.6332484,0.6244693,0.630175,0.6280632,0.6274817,0.6340417
0.6128974,0.6304954,0.6278613,0.6353953,0.6385357,0.6347066,0.6296496,0.634548,0.6393068,0.6318086,0.6296542,0.6281603,0.6374892,0.6331376,0.6297966,0.6357176,0.6267678,0.6365327,0.626618,0.6357555,0.630962,0.6326453,0.6222415,0.6343561,0.6305621,0.6305931,0.6296348,0.6411995,0.6331748,0.6350491,0.631305,0.6304262,0.6334772,0.6245607,0.6307818,0.6281862,0.6274817,0.6340918
0.613177,0.6316662,0.6278613,0.6353953,0.6392817,0.6347066,0.6296496,0.635055,0.6394526,0.632254,0.6297555,0.6288105,0.6375669,0.6332029,0.6305086,0.635885,0.6269368,0.6366083,0.626618,0.6366372,0.6313705,0.6326453,0.6225286,0.6343561,0.6307314,0.6321088,0.6299632,0.641207,0.6334339,0.6353622,0.631305,0.6305257,0.6334772,0.6245607,0.6308403,0.6282162,0.6282136,0.6341138
0.6134214,0.6316662,0.6280368,0.6355054,0.6400869,0.6349788,0.6300447,0.6353447,0.6394526,0.6327758,0.6302454,0.6288105,0.6376475,0.6332029,0.6305584,0.6360055,0.6272679,0.6372941,0.6267867,0.6369561,0.6317926,0.6332718,0.6225286,0.6345261,0.6307939,0.6321088,0.6303954,0.6416553,0.633596,0.6354416,0.6323545,0.6307256,0.6338624,0.6248491,0.6315645,0.6284165,0.6283165,0.6341138
0.6134214,0.6321376,0.6286457,0.6358141,0.6402076,0.6350754,0.6301624,0.6356871,0.6399172,0.633137,0.6303153,0.6300283,0.6376475,0.6341159,0.6305584,0.636139,0.6272679,0.637413,0.6273198,0.6369561,0.6324484,0.6332718,0.6227089,0.6346769,0.6315548,0.6326685,0.6303954,0.6418369,0.6339268,0.6373199,0.6326997,0.6311133,0.6341105,0.6251411,0.6320772,0.6284165,0.6283165,0.6341678
0.6136542,0.6321856,0.6286941,0.6359534,0.6403133,0.6353807,0.6302837,0.6358782,0.6399265,0.633137,0.6321194,0.6300283,0.6386957,0.6341198,0.6307431,0.6377117,0.6280865,0.6376757,0.6273198,0.637149,0.6327719,0.6333169,0.6227089,0.6346769,0.6325655,0.6328302,0.6306133,0.6423972,0.6340119,0.6393381,0.6326997,0.631982,0.6346368,0.6251411,0.6320772,0.6287706,0.6293751,0.6343422
0.6136542,0.6324225,0.6286941,0.6359534,0.6406446,0.6353807,0.6307293,0.6358782,0.6399412,0.6332317,0.6321623,0.6300632,0.6387527,0.6347441,0.6308805,0.638487,0.6289477,0.6376757,0.6283526,0.637815,0.6330097,0.6333487,0.6228722,0.6349684,0.6326942,0.6329754,0.6308542,0.6425073,0.6346793,0.6393381,0.6328188,0.631982,0.6346368,0.6260019,0.632912,0.6293029,0.629571,0.6343422
0.6141966,0.6324225,0.628937,0.6364052,0.6409722,0.6354531,0.631067,0.6359924,0.6399857,0.6332715,0.6324769,0.630639,0.6394361,0.6347441,0.631284,0.6392204,0.6289653,0.6381533,0.6286716,0.637815,0.6330097,0.6335732,0.6242007,0.6349713,0.6327005,0.6332252,0.63137,0.642589,0.6348315,0.6396539,0.6331364,0.6324062,0.6350662,0.6271775,0.632912,0.6293029,0.6303317,0.6349205
0.6145219,0.6330288,0.6295669,0.6369202,0.641302,0.6355072,0.6314909,0.6362841,0.6413546,0.6338847,0.6327536,0.6306788,0.6397557,0.6354049,0.6313633,0.6394742,0.6298376,0.638325,0.6302225,0.637819,0.6333363,0.6342782,0.6242007,0.6349713,0.6327005,0.6332252,0.6313877,0.642589,0.6356138,0.6402236,0.6333129,0.6330148,0.6352263,0.6271775,0.6333503,0.6297957,0.6303327,0.6349342
0.6145219,0.6331143,0.6297054,0.6369202,0.641302,0.6358565,0.6316687,0.6367214,0.6413546,0.6341344,0.6327879,0.6315691,0.6411882,0.6358443,0.6315627,0.6395821,0.6298767,0.638325,0.6306827,0.6383033,0.6333363,0.6345749,0.624258,0.6351058,0.6328456,0.6333744,0.6314414,0.6428562,0.6367377,0.6410441,0.6345109,0.6332806,0.6362561,0.6272938,0.6334106,0.6298953,0.6311558,0.6349548
0.6148544,0.6331143,0.6297054,0.6372494,0.641425,0.6359234,0.6316687,0.6367214,0.6417488,0.6360595,0.6339507,0.6315691,0.6419884,0.6361902,0.6322262,0.6396331,0.6306246,0.63914,0.6307757,0.6392578,0.6334558,0.6345749,0.624258,0.635495,0.633,0.6333744,0.6314414,0.6437254,0.6367712,0.6411478,0.634774,0.6332806,0.6371568,0.6272938,0.6334981,0.6298953,0.6311558,0.636062
0.6154279,0.6343928,0.6300746,0.6372494,0.6414328,0.6359234,0.6319981,0.6375397,0.6418645,0.6360595,0.6341045,0.6317017,0.6419884,0.6365059,0.6323404,0.6406132,0.6306286,0.6392103,0.6311047,0.6392578,0.6336124,0.6349428,0.6246407,0.6356791,0.633799,0.6334078,0.6317301,0.6437254,0.6390294,0.6411659,0.635156,0.6333563,0.6373246,0.6273397,0.6339343,0.6317287,0.6311801,0.6360697
0.6155223,0.6357149,0.6300746,0.6375104,0.6417243,0.636466,0.6321528,0.6380754,0.6418645,0.6374269,0.63415,0.632306,0.6420153,0.6365059,0.6326324,0.640881,0.6306365,0.6393336,0.631552,0.6396494,0.6340485,0.6349428,0.6246407,0.6356791,0.633799,0.6335178,0.6317301,0.6441121,0.6390744,0.6413205,0.6364573,0.63353,0.6373246,0.6277603,0.6339343,0.6319361,0.6313192,0.6361938
0.6156681,0.6361742,0.6302579,0.6375104,0.6417316,0.6366354,0.6321528,0.6384547,0.6423235,0.6379284,0.6344715,0.6323803,0.6420153,0.6365505,0.6328334,0.6412852,0.6308374,0.6393336,0.6319781,0.6402657,0.6340485,0.6354864,0.6252724,0.6356898,0.6339765,0.6335178,0.6320397,0.6441121,0.6406112,0.6414374,0.6367356,0.63353,0.6374429,0.6277603,0.6340351,0.6319927,0.632012,0.6386495
0.6156681,0.6368806,0.6303491,0.6375558,0.6417316,0.6371015,0.6322056,0.6384547,0.6438204,0.6384929,0.6346875,0.6325184,0.6420676,0.63763,0.6328334,0.6413706,0.6310967,0.6394166,0.6319821,0.6402657,0.6343554,0.6357069,0.6258391,0.6361007,0.6341001,0.6346132,0.6323056,0.6441696,0.6406112,0.6414374,0.6369164,0.6336252,0.6376961,0.6280168,0.6345126,0.6320977,0.6320282,0.6392411
0.6167567,0.6373799,0.6303491,0.6375558,0.6418158,0.6380048,0.6326997,0.6385737,0.6444857,0.6389121,0.6346875,0.6328343,0.6420857,0.637661,0.6331819,0.6413706,0.6313155,0.6399918,0.6322982,0.6408529,0.6344149,0.6357069,0.6258417,0.6361007,0.6344021,0.6348515,0.632841,0.644333,0.6407727,0.6421467,0.6370789,0.6336252,0.6388336,0.6287569,0.6351568,0.6321704,0.6332266,0.6392411
0.6175843,0.637581,0.6304091,0.6381177,0.6418158,0.6380048,0.6326997,0.6385737,0.6446308,0.6389239,0.6350491,0.6334727,0.6420857,0.6379314,0.6335935,0.6418195,0.631619,0.6409096,0.6322982,0.6416491,0.6345186,0.6369393,0.6264322,0.636314,0.6345657,0.6353894,0.6328802,0.644333,0.6407727,0.6421526,0.6370789,0.6351377,0.6388336,0.6296379,0.6351568,0.6323805,0.6332786,0.6394923
0.6175949,0.6380979,0.630692,0.6385476,0.6423588,0.6382806,0.6327048,0.6386879,0.644814,0.6389239,0.6359739,0.6334727,0.6425575,0.6379314,0.6335935,0.6431354,0.6317321,0.6409096,0.6324103,0.6416491,0.6353984,0.6377203,0.6276775,0.6370368,0.6354845,0.6354772,0.6337129,0.6445962,0.641409,0.6426014,0.6378638,0.6351506,0.6393306,0.6298157,0.635641,0.6324376,0.6332792,0.6395854
0.6177603,0.6380979,0.6309814,0.6401936,0.6431643,0.6383729,0.6331646,0.6391884,0.644814,0.6390061,0.6359739,0.6337462,0.6425575,0.638241,0.6341218,0.6434808,0.6321025,0.6411854,0.6329153,0.6418471,0.6359732,0.6377203,0.6283764,0.6376228,0.6354845,0.6364374,0.6337129,0.6450761,0.6414735,0.6426014,0.6378985,0.6352476,0.6397874,0.6298157,0.6361391,0.6324376,0.6332981,0.6407486
0.6177603,0.6381178,0.6309814,0.6401936,0.6431643,0.6388573,0.6332594,0.6392907,0.645497,0.6390061,0.636002,0.6345529,0.6427486,0.6391554,0.6343074,0.6434808,0.6324471,0.6414041,0.6345686,0.6419565,0.6360246,0.637875,0.6285073,0.6376228,0.636024,0.6364374,0.63439,0.6450761,0.6434905,0.6429847,0.6391802,0.6354382,0.6398271,0.6303721,0.6362678,0.6334204,0.6333801,0.6407486
0.6179828,0.6384034,0.6311489,0.6406246,0.643297,0.6388573,0.6332594,0.6401191,0.6456823,0.6394772,0.636002,0.6346474,0.6430568,0.6392926,0.6344694,0.6441239,0.6324471,0.6417184,0.6345686,0.6428725,0.636276,0.638013,0.6285073,0.6378978,0.636024,0.6370279,0.63439,0.6461385,0.644393,0.643187,0.6395218,0.6358586,0.6398271,0.631933,0.6363265,0.6334204,0.6338122,0.6408969
0.6190588,0.6384249,0.6314171,0.6414627,0.6440213,0.6388599,0.6332861,0.6405233,0.6460092,0.6397625,0.6361242,0.6349786,0.6430936,0.6398408,0.6349207,0.6451487,0.6325656,0.6417184,0.6347987,0.6436506,0.6370143,0.6380471,0.62853,0.6378978,0.6363583,0.6376165,0.6343997,0.6461558,0.6444031,0.6433941,0.6406611,0.6367407,0.6411763,0.631933,0.6365447,0.6341609,0.6346362,0.6408969
0.619183,0.6385363,0.6331103,0.6414627,0.6441173,0.6388599,0.6334299,0.6406618,0.6460398,0.6400508,0.6362585,0.6351511,0.6431345,0.6398784,0.6349737,0.6458275,0.6325656,0.6418134,0.6350031,0.6436506,0.6370598,0.6383052,0.6288354,0.6379492,0.6366828,0.6376165,0.6343997,0.6461558,0.6444031,0.6435645,0.6421038,0.63706,0.6411763,0.6325243,0.6366887,0.6348693,0.6354308,0.6411372
0.6197395,0.6387332,0.633263,0.6415455,0.6459943,0.6388829,0.6334299,0.6412156,0.6463305,0.6400508,0.6364529,0.6357616,0.6431345,0.6399446,0.6358503,0.6459254,0.6326109,0.6418134,0.6359565,0.6444068,0.637488,0.6384086,0.6288354,0.6383058,0.6368379,0.6379123,0.6345321,0.6476859,0.6446017,0.6442402,0.6421038,0.6375609,0.6414717,0.633224,0.6367219,0.6348693,0.6355359,0.6412321
0.6198016,0.6392037,0.633263,0.6423836,0.6459943,0.6402769,0.633457,0.6424892,0.6479976,0.6400766,0.6374365,0.6357616,0.6432651,0.6399446,0.6364585,0.6459254,0.6333484,0.642046,0.6359565,0.6444068,0.6378823,0.6384828,0.6292044,0.6387022,0.6369097,0.6388063,0.6349955,0.6478336,0.6446017,0.6442613,0.6425367,0.6375609,0.6414717,0.6332459,0.6367219,0.6350291,0.6356619,0.6414345
0.6207699,0.639215,0.6334047,0.6423836,0.6469605,0.6403551,0.6339345,0.6434644,0.6479976,0.6401821,0.6375714,0.636649,0.643676,0.6402006,0.6365037,0.6468898,0.6333484,0.642046,0.6363808,0.6445091,0.6380388,0.638615,0.6292179,0.6387022,0.6369097,0.6390136,0.635438,0.6483331,0.6446278,0.6445155,0.6430891,0.6379002,0.6430649,0.6335087,0.6371062,0.6362792,0.6356619,0.6419004
0.6207807,0.6394622,0.6334047,0.6425114,0.6471336,0.6404263,0.6342816,0.6438338,0.6484973,0.6402763,0.6375714,0.6368463,0.643676,0.6402006,0.636662,0.647286,0.6333914,0.6420463,0.6363808,0.6448497,0.6380388,0.638615,0.6298266,0.6390516,0.6371999,0.6397261,0.6356358,0.6483331,0.6450183,0.6445155,0.6439149,0.6379002,0.6430649,0.6336949,0.637308,0.6362792,0.6356636,0.6419004
0.6210902,0.6397916,0.6339912,0.642596,0.6475316,0.6404263,0.6348621,0.6438338,0.6489517,0.6408913,0.6377688,0.6372864,0.6444631,0.6409661,0.636662,0.647286,0.6333914,0.6428541,0.6368032,0.6454999,0.6392594,0.6398106,0.6323584,0.6390516,0.6371999,0.6413498,0.6358944,0.6487653,0.6453338,0.6445963,0.644138,0.6382088,0.6452477,0.6336949,0.6375,0.638964,0.6358242,0.6419564
0.6210902,0.6398386,0.6342679,0.6428063,0.6479617,0.6404563,0.6348621,0.6446636,0.6489517,0.6416062,0.6377688,0.6372864,0.6444631,0.6409661,0.6367418,0.6475635,0.6334173,0.6431587,0.6368464,0.6459211,0.6394751,0.6403686,0.6323584,0.6392673,0.6392684,0.6421526,0.6358944,0.649004,0.6453338,0.6445963,0.6442372,0.6382088,0.6466568,0.6339893,0.6380158,0.638964,0.6358242,0.6433554
0.6211075,0.6401097,0.6342679,0.6435941,0.6479617,0.6411598,0.6349055,0.6446762,0.6491139,0.6416062,0.6378942,0.638527,0.644952,0.6410643,0.6367418,0.6475635,0.6339364,0.6431587,0.6373618,0.6464166,0.6394751,0.6403784,0.6326844,0.6402385,0.6392684,0.643101,0.6358996,0.6494776,0.6460013,0.6447017,0.6443045,0.6385235,0.6466568,0.6347224,0.6383693,0.6399282,0.6359555,0.6434203
0.6214057,0.6415291,0.6343451,0.6435941,0.6488653,0.6414014,0.6351385,0.644746,0.6500143,0.6418199,0.6381666,0.638527,0.6463107,0.6410643,0.6370881,0.6477097,0.6339364,0.6440486,0.6374211,0.6467513,0.6402657,0.6408078,0.632842,0.6406083,0.6403669,0.6431112,0.6359477,0.6498804,0.6467871,0.6455306,0.6448677,0.6410248,0.6474011,0.6351066,0.6383693,0.6404134,0.6370712,0.6443962
0.6215019,0.6430925,0.6362801,0.6439895,0.6490844,0.6420528,0.635307,0.6456371,0.6504295,0.6422527,0.6389229,0.6388513,0.646324,0.6412902,0.6376829,0.6483071,0.6343549,0.6440486,0.6379468,0.6467513,0.6404027,0.6410958,0.632842,0.6416301,0.6403669,0.6431112,0.6375417,0.6502865,0.6485418,0.6456214,0.6451103,0.6410248,0.6487864,0.6358535,0.6389068,0.6408217,0.6372129,0.6443962
0.6216607,0.6430925,0.6364852,0.6449387,0.6494228,0.6431382,0.6361747,0.6461878,0.6509944,0.6423831,0.6389229,0.6391144,0.6463943,0.6418647,0.6376829,0.6488742,0.6343549,0.6440867,0.6379468,0.6474371,0.6407194,0.6412013,0.6333211,0.6418078,0.6412164,0.6434494,0.6375417,0.6502865,0.6491053,0.645769,0.6457612,0.6422447,0.648935,0.6362225,0.6389068,0.6409046,0.6372129,0.6447188
0.6216607,0.643114,0.6371542,0.6454737,0.6494228,0.644835,0.6363979,0.6470618,0.6512189,0.6424086,0.6390399,0.6391144,0.6468919,0.6419177,0.6388196,0.6492419,0.6343652,0.6440867,0.6390446,0.6475064,0.6411091,0.6412013,0.6345169,0.6423348,0.6412164,0.6444988,0.6377214,0.6504697,0.6491053,0.6467587,0.6457612,0.6424187,0.6496569,0.6362225,0.6390647,0.6414916,0.6372183,0.644928
0.6217772,0.643114,0.6371542,0.6479006,0.6494661,0.644835,0.6364095,0.6470779,0.6513904,0.6428012,0.6390399,0.6400381,0.6485942,0.6428404,0.6388474,0.6500866,0.6343652,0.6441398,0.6390446,0.6475064,0.6411091,0.6413878,0.6346905,0.6423348,0.6419866,0.6445863,0.6377214,0.6504697,0.6493606,0.6467587,0.6467886,0.6426368,0.6496569,0.6365846,0.6391174,0.641763,0.6381368,0.6453664
0.6217772,0.6432263,0.6378883,0.6479006,0.6497724,0.6454777,0.6365881,0.6471248,0.6516268,0.6431142,0.6392864,0.6400453,0.6486765,0.6429366,0.6388474,0.6502556,0.6347433,0.6444864,0.6390946,0.6477249,0.6416038,0.6413878,0.6356506,0.6425909,0.6425635,0.6445863,0.6385746,0.6509127,0.6502222,0.6470539,0.6467886,0.6433937,0.6507104,0.6365846,0.6394176,0.6430728,0.6381479,0.6458716
0.6218194,0.6432263,0.6379927,0.6479174,0.6499006,0.6455621,0.6370818,0.6471697,0.6517013,0.6433062,0.6392864,0.6421883,0.6486765,0.6429576,0.6388962,0.6509479,0.6350595,0.6453797,0.639976,0.6478194,0.6422036,0.6419404,0.6361933,0.6430729,0.6425635,0.6449838,0.6395199,0.6511939,0.6514968,0.6470539,0.6468689,0.6435372,0.6509172,0.6369254,0.6397345,0.6436954,0.638187,0.6490992
0.6221085,0.6434427,0.6386423,0.6485797,0.650765,0.6459288,0.6373874,0.6475963,0.6522035,0.6434879,0.6400973,0.6429817,0.6492811,0.6432695,0.6388962,0.6513642,0.6353617,0.645586,0.6402525,0.6479558,0.6422036,0.6425327,0.6361933,0.6432874,0.6431052,0.6449838,0.6399982,0.6511939,0.6522127,0.6471937,0.6474226,0.6435372,0.6513507,0.6369254,0.6411556,0.6438502,0.6385425,0.6491091
0.6222554,0.6435025,0.6394671,0.6485797,0.6515108,0.6462294,0.6383271,0.6485307,0.6522035,0.6434879,0.6400973,0.6442798,0.6497758,0.6432695,0.6389919,0.6517743,0.6354014,0.6461639,0.6406436,0.6479558,0.6423586,0.6426111,0.6369762,0.6434083,0.6445241,0.6454422,0.6405224,0.6515739,0.6522127,0.6478354,0.6474226,0.6435796,0.652305,0.6372353,0.641252,0.6439195,0.6386009,0.6491091
0.6226852,0.6438338,0.6397078,0.649056,0.6516446,0.6462294,0.6386637,0.6494049,0.6526648,0.6437535,0.6402244,0.6444516,0.6498618,0.6441252,0.6389919,0.6529295,0.6357334,0.6462679,0.6406436,0.6479674,0.6427981,0.6426111,0.6371844,0.6438544,0.6450098,0.6454422,0.641142,0.6518547,0.652831,0.6482225,0.6474556,0.6437983,0.6525442,0.637468,0.6429972,0.6447071,0.638705,0.6493015
0.6228891,0.6440572,0.6400377,0.6492514,0.6521729,0.6471362,0.6391317,0.6500434,0.6526648,0.6451597,0.6407267,0.6444516,0.6516517,0.6445521,0.6398357,0.653667,0.6361117,0.6462932,0.6414364,0.6479674,0.6429482,0.6427442,0.6371844,0.6439744,0.6459953,0.6462477,0.6411976,0.6521948,0.652831,0.6482225,0.6474556,0.6440069,0.6526212,0.637468,0.6433954,0.6447071,0.638705,0.649962
0.6228891,0.6440572,0.6400377,0.6501505,0.6526091,0.6471362,0.6391317,0.6506496,0.6531205,0.6453423,0.6408562,0.6447094,0.6516727,0.6445521,0.6409236,0.6542362,0.6361117,0.6463178,0.6422739,0.6480269,0.6436864,0.6432955,0.6385607,0.6439744,0.6465256,0.6471397,0.641361,0.6525701,0.6529172,0.650824,0.6475968,0.6441737,0.6526212,0.6407009,0.6436747,0.6451305,0.6388478,0.6499899
0.6230284,0.64432,0.6401895,0.6502766,0.6527205,0.6471413,0.6399561,0.6506496,0.6531205,0.6454709,0.6409616,0.6447094,0.6516727,0.6446292,0.6409236,0.6542362,0.6363602,0.646656,0.6424042,0.6481395,0.6439364,0.6432955,0.6394863,0.6439978,0.6468593,0.647752,0.641396,0.6526214,0.6536091,0.6519046,0.6476123,0.6449008,0.652803,0.6408435,0.643976,0.6453063,0.6389367,0.6499899
0.6230284,0.645038,0.6403555,0.6521068,0.653381,0.647171,0.6399561,0.6511204,0.6548033,0.6457744,0.6410057,0.6447186,0.6521654,0.6449067,0.6411897,0.654535,0.6371087,0.6466769,0.6424792,0.6481442,0.6441722,0.6435292,0.6394863,0.6442538,0.6471921,0.6483682,0.6414871,0.6535629,0.6540067,0.6520327,0.6481551,0.6449117,0.6529385,0.6409315,0.6447379,0.6456605,0.6391881,0.6523478
0.6232295,0.6454811,0.6403555,0.6530489,0.6536678,0.6477083,0.640354,0.6513211,0.6552505,0.6459279,0.6413779,0.64472,0.6533905,0.6460572,0.6412584,0.6546125,0.6371996,0.6472893,0.6427274,0.648213,0.6447968,0.6446687,0.6396807,0.6446797,0.6479054,0.6483682,0.6416509,0.6535675,0.6543222,0.6521177,0.6495867,0.6454496,0.6529385,0.6409315,0.6451075,0.64572,0.6393844,0.6523478
0.6232295,0.6454811,0.6404378,0.6535978,0.6536678,0.6481357,0.6403831,0.6519254,0.6553393,0.6459279,0.6413779,0.64472,0.6533905,0.6462081,0.6414527,0.6546125,0.6372793,0.6473173,0.6430774,0.6482457,0.6449378,0.6452493,0.6396807,0.6446797,0.6484592,0.6484196,0.6416871,0.6537196,0.6543222,0.6524396,0.650348,0.6458988,0.6530271,0.6411982,0.647222,0.6467839,0.6394084,0.6530209
0.6232451,0.6470182,0.6420979,0.6548611,0.654099,0.6486355,0.6403831,0.6520597,0.6553553,0.6463607,0.6416343,0.6453483,0.6535788,0.6462081,0.6414738,0.6550206,0.6375502,0.6473173,0.6430774,0.6484548,0.6449378,0.6455008,0.6398053,0.644717,0.6494207,0.6484196,0.6416871,0.6541201,0.6547349,0.6525177,0.650348,0.6458988,0.6532487,0.6412671,0.6476105,0.6468958,0.6396387,0.6530209
0.6236703,0.6484539,0.6429122,0.6553228,0.6543133,0.6486355,0.6419004,0.6520597,0.6553553,0.6467102,0.6431924,0.6455292,0.6539612,0.6462418,0.6417257,0.6550206,0.6390395,0.6488169,0.6433629,0.6484548,0.6450524,0.6455008,0.6399765,0.6448664,0.6494293,0.6489081,0.6420647,0.6557172,0.654966,0.6528356,0.6504432,0.6466251,0.6534406,0.6418288,0.6476673,0.6468958,0.6396387,0.653314
0.6237438,0.6485437,0.6432346,0.6557504,0.6543133,0.6486734,0.6422982,0.6531579,0.6569571,0.6467693,0.6446777,0.6455591,0.6539612,0.6462418,0.6417257,0.6559019,0.6393567,0.6488169,0.644063,0.6485549,0.6450524,0.6459673,0.6400391,0.6455348,0.6496788,0.6492112,0.6422554,0.6560812,0.6552021,0.6530719,0.6507994,0.6469658,0.6542626,0.6418288,0.6490367,0.6483724,0.6409638,0.6535116
0.6237438,0.6497272,0.6436558,0.6557504,0.6549876,0.6488623,0.6444073,0.6533839,0.6573694,0.6467693,0.6453813,0.6458903,0.6544548,0.6466371,0.641987,0.6559019,0.6397485,0.6491471,0.6440984,0.6485744,0.6462621,0.6471456,0.6418368,0.6455348,0.6497545,0.6500453,0.6423073,0.6560812,0.6552021,0.6530719,0.6528421,0.6474142,0.6552281,0.6419146,0.6495926,0.648431,0.6412598,0.6544712
0.6238625,0.6503051,0.6436558,0.6560145,0.6549964,0.6488623,0.6454893,0.6536176,0.6586271,0.6469808,0.6454055,0.6458903,0.6544548,0.6467999,0.6421184,0.6559338,0.6399187,0.6491471,0.6444595,0.6494831,0.646558,0.647396,0.6421671,0.6456037,0.6497545,0.6504114,0.6423073,0.6561568,0.6555708,0.6534941,0.6533639,0.6475296,0.6557007,0.6419876,0.649949,0.648431,0.6415312,0.6544712
0.6243712,0.6503431,0.6438528,0.6567469,0.6549964,0.6489002,0.6455503,0.6542119,0.6597082,0.6469808,0.6462816,0.6459739,0.6555574,0.6477581,0.6421747,0.6560737,0.640121,0.6494342,0.6446469,0.6494831,0.6466432,0.647396,0.6424184,0.6457364,0.649952,0.650555,0.6424045,0.6569112,0.6564297,0.6535267,0.6538913,0.6485608,0.6557007,0.6425448,0.6501552,0.6486841,0.6415312,0.6551872
0.624395,0.6517641,0.6440801,0.6567469,0.6552182,0.6492004,0.646122,0.654395,0.6599614,0.6470639,0.6463849,0.6464738,0.6555574,0.6478143,0.6431714,0.6564929,0.6406703,0.6495143,0.6446469,0.6497955,0.6474838,0.6477259,0.6425641,0.6465412,0.649952,0.650555,0.6424045,0.6574155,0.6568646,0.6535267,0.6550473,0.6485608,0.6558915,0.642723,0.65043,0.6490587,0.6420038,0.6551872
0.624395,0.6525797,0.6449331,0.6568124,0.656294,0.6500135,0.646122,0.6547969,0.6617484,0.6470639,0.6463849,0.6475113,0.6563821,0.6493436,0.6431714,0.6569535,0.6408701,0.6495143,0.6447885,0.6506896,0.6483255,0.6488928,0.6425641,0.6477234,0.6499901,0.650585,0.6432044,0.6574155,0.6570784,0.6543112,0.6559819,0.6487345,0.6563617,0.6429828,0.6506176,0.6504373,0.6421182,0.6556722
0.6251348,0.6526193,0.6452499,0.6582464,0.6564485,0.6500135,0.6473722,0.6550573,0.6617484,0.6473478,0.6466712,0.6476377,0.656509,0.6495333,0.644264,0.6570898,0.6411398,0.6496367,0.6450491,0.6509396,0.6483255,0.6493839,0.642684,0.6477345,0.6500068,0.6514985,0.6433002,0.657484,0.6574041,0.6545255,0.6567184,0.6488479,0.6571375,0.6431899,0.6512888,0.6506058,0.6423457,0.6557603
0.6251992,0.6532842,0.6452499,0.6592872,0.6564485,0.6515954,0.6478836,0.6553906,0.6624143,0.6474934,0.6477106,0.6479732,0.6568596,0.650459,0.6451057,0.6579909,0.6434946,0.6496593,0.6452165,0.6510944,0.6490703,0.649853,0.6427378,0.6477345,0.6500832,0.6514985,0.6433002,0.6578744,0.6574041,0.6547578,0.6567184,0.6488479,0.6577804,0.643507,0.6512888,0.6506058,0.6423457,0.6557816
0.6252629,0.6542124,0.6455182,0.6593626,0.656637,0.6547389,0.6479138,0.6556212,0.6639319,0.6486908,0.648437,0.6480477,0.6570418,0.6518563,0.6451719,0.6579909,0.6437281,0.650784,0.6463991,0.6512126,0.649229,0.649853,0.643258,0.6479997,0.6505784,0.6518978,0.6435842,0.6586525,0.6578216,0.6547578,0.6578981,0.6489006,0.6581663,0.64392,0.6515571,0.6512688,0.6441345,0.6564887
0.6252629,0.6543121,0.646194,0.6594816,0.6571151,0.6552902,0.6498703,0.6560147,0.6646566,0.6506625,0.6488224,0.6485511,0.6572065,0.6518563,0.6454696,0.6587748,0.6438545,0.6508808,0.6464411,0.6512126,0.6498091,0.6498932,0.643258,0.6479997,0.6505784,0.6519098,0.643883,0.6590413,0.6602313,0.6557279,0.6601241,0.6495455,0.6586909,0.6439276,0.6537399,0.6513836,0.6448804,0.6570908
0.625273,0.6545711,0.6464731,0.6594816,0.6574583,0.6552902,0.6498703,0.6563321,0.6664256,0.6509287,0.6493155,0.6501039,0.6573729,0.6528332,0.6457176,0.6591162,0.6439362,0.6512476,0.6470363,0.6520317,0.6508566,0.6502821,0.6436876,0.648451,0.650956,0.6520561,0.6446525,0.6590413,0.6602313,0.6561332,0.6603949,0.6500304,0.6593826,0.6439276,0.6547653,0.6517573,0.6448804,0.6587801
0.6255708,0.6556314,0.6464731,0.6595104,0.6576422,0.6554966,0.6498818,0.657395,0.6664256,0.6509287,0.6495608,0.6501039,0.6575228,0.6544994,0.6462625,0.6597024,0.6443212,0.6512476,0.6470676,0.6529613,0.6508566,0.6502821,0.6439893,0.6489759,0.650956,0.6520561,0.6446605,0.6605321,0.6606074,0.6561332,0.6616897,0.6510531,0.6593826,0.6440827,0.6559049,0.6517573,0.6468473,0.6605516
0.6256948,0.6556314,0.6468718,0.6595104,0.6576422,0.6562889,0.649953,0.6582259,0.6664791,0.6509299,0.6495608,0.6501993,0.6580898,0.6546215,0.6462625,0.6603721,0.6445214,0.6513288,0.6473208,0.6530362,0.6514246,0.6509394,0.6448872,0.6501495,0.6521392,0.6520787,0.6459131,0.6605321,0.6606074,0.6561748,0.6616897,0.6511929,0.659477,0.644421,0.6560409,0.6521469,0.6471453,0.6632985
0.6256948,0.6557899,0.6471118,0.6600351,0.6576461,0.6570417,0.649953,0.6582259,0.6664791,0.6532143,0.6500448,0.6501993,0.6581278,0.6550684,0.6464545,0.6607952,0.6445214,0.6521,0.648392,0.6538192,0.6519438,0.6515527,0.6450551,0.6503727,0.6535594,0.6523129,0.6468877,0.661189,0.6610471,0.6563363,0.6625584,0.6511996,0.6603902,0.6447502,0.656489,0.6522332,0.6487164,0.6634917
0.6257682,0.6557899,0.6471163,0.6600351,0.6576461,0.6575315,0.6500412,0.6595097,0.6664908,0.654164,0.6516253,0.6508761,0.6581831,0.6550684,0.6464545,0.6607952,0.6446975,0.6521058,0.6498406,0.6544176,0.6526697,0.6515527,0.6455977,0.6503875,0.6540964,0.6523129,0.6470625,0.6616579,0.662777,0.6566817,0.6639964,0.6511996,0.6603902,0.6448553,0.6572243,0.6527683,0.6508755,0.6634917
0.6259084,0.6562836,0.647539,0.6601456,0.6579119,0.6575315,0.6500412,0.6598959,0.6665796,0.654164,0.6521299,0.6508761,0.658238,0.656035,0.6480113,0.6611887,0.6446975,0.6522937,0.6498612,0.6544327,0.6535949,0.6524814,0.6458472,0.6506886,0.6548143,0.6531734,0.6470625,0.6625853,0.662777,0.6575114,0.6650621,0.6521507,0.6607087,0.6449569,0.6575651,0.6533925,0.6515152,0.663925
0.6259084,0.6562836,0.647887,0.6603027,0.6580409,0.6575685,0.6500674,0.6598959,0.6674117,0.6545833,0.653056,0.6510951,0.6585277,0.6566409,0.6481766,0.661221,0.6448129,0.6530488,0.6499689,0.6544327,0.65382,0.6524814,0.6463807,0.6507373,0.6548184,0.6533363,0.6471047,0.6625853,0.6633907,0.6575114,0.6656045,0.6522988,0.6612045,0.6450077,0.6581491,0.6536667,0.6522452,0.663925
0.6260075,0.6576893,0.6483415,0.6603311,0.6580941,0.6577027,0.6504855,0.6602829,0.6674447,0.6545885,0.6540726,0.6514979,0.6585277,0.6573908,0.6492064,0.661221,0.6448129,0.6530488,0.6499689,0.6545601,0.6539602,0.6529232,0.6465165,0.6507373,0.6548239,0.6533363,0.6490803,0.6636677,0.6633907,0.6576656,0.6658829,0.6522988,0.6630534,0.6451342,0.658676,0.6538296,0.6550782,0.6640576
0.6260075,0.6577568,0.6488144,0.6603311,0.6585893,0.6579337,0.6513486,0.661657,0.6674447,0.6545885,0.6548399,0.651681,0.6585792,0.6573908,0.6492064,0.6615369,0.6452529,0.6536003,0.6506463,0.6555912,0.6547422,0.6529232,0.6469817,0.6507455,0.6548854,0.6540511,0.6495343,0.6637613,0.6635647,0.657717,0.6662648,0.6529836,0.6636341,0.6451342,0.6587199,0.65527,0.6551096,0.6640915
0.6264928,0.6585565,0.649851,0.6603815,0.6585893,0.6579337,0.6516994,0.6621692,0.6679137,0.6561423,0.6549316,0.6520716,0.6590833,0.6573949,0.6503388,0.6616368,0.6452529,0.6544771,0.6508804,0.6555912,0.6548548,0.653624,0.6472046,0.6508887,0.6549434,0.6541429,0.6495343,0.6644315,0.6639189,0.657717,0.6665562,0.6529836,0.6636341,0.6453051,0.6587199,0.6552755,0.6563139,0.6640915
0.6264928,0.6592548,0.649851,0.6606343,0.6585893,0.6583466,0.6531326,0.6631349,0.6685996,0.6561423,0.6549316,0.6520716,0.6591874,0.6574655,0.6503388,0.6622262,0.6469901,0.6544771,0.6511272,0.655653,0.6548828,0.6537098,0.6476637,0.6526709,0.655632,0.6541429,0.6498299,0.6644315,0.6645682,0.661224,0.6669225,0.6530705,0.6660397,0.6454757,0.6592932,0.6554798,0.6565641,0.6644973
0.6269337,0.6592548,0.6510846,0.6606933,0.6598834,0.6587088,0.653405,0.6631349,0.6690141,0.6562929,0.6554686,0.6534969,0.6596373,0.6576493,0.6507942,0.6622262,0.6485901,0.6555894,0.6519539,0.655653,0.6554431,0.6542263,0.6482534,0.6530619,0.6561926,0.6557581,0.6498299,0.664877,0.664765,0.6622681,0.6678508,0.6530705,0.6661286,0.6464556,0.6594772,0.6554798,0.6568548,0.6644973
0.6272019,0.6594981,0.6519374,0.6606933,0.6609402,0.6590431,0.6543769,0.6632984,0.6692231,0.656478,0.6565686,0.6539501,0.6603435,0.6577836,0.6516032,0.6622464,0.6500832,0.6555894,0.6524334,0.6578121,0.6560033,0.6546681,0.6485652,0.6538638,0.656382,0.6569012,0.6498407,0.6655549,0.6648818,0.6626049,0.6678508,0.65361,0.6661286,0.6473215,0.6595495,0.6566684,0.6572376,0.6648422
0.6278174,0.6612727,0.6519374,0.6608115,0.6610408,0.6596718,0.6543769,0.663778,0.6694237,0.656478,0.6565686,0.6555465,0.6603435,0.6586988,0.6516032,0.6622464,0.6508684,0.6558068,0.6527611,0.6578161,0.6564671,0.6547984,0.6490153,0.6538638,0.656382,0.6571164,0.6499124,0.6655549,0.6657163,0.6628741,0.6699588,0.6536742,0.6664386,0.6482485,0.6597472,0.6566684,0.6579354,0.6661839
0.6278174,0.6614375,0.6526369,0.6616055,0.6628624,0.6601505,0.6573969,0.6640628,0.6694237,0.6569758,0.6591202,0.6555634,0.6604483,0.6589665,0.652097,0.6628856,0.6508684,0.6560032,0.653348,0.6588841,0.6571355,0.6547984,0.6498585,0.6540689,0.656664,0.6579864,0.650039,0.6659039,0.6657618,0.6642044,0.6708566,0.6545453,0.6688882,0.6488317,0.6598301,0.656758,0.6580806,0.6664052
0.6280967,0.6614375,0.6528463,0.6632339,0.6639296,0.6603214,0.6580123,0.6640628,0.6694505,0.6571164,0.6596399,0.6582293,0.6614551,0.6589738,0.6521691,0.6630865,0.6515651,0.6567259,0.6537765,0.6588841,0.657174,0.65536,0.6500193,0.6542527,0.656664,0.6583398,0.6503048,0.6662428,0.6659519,0.6650689,0.6718821,0.6546963,0.6706198,0.6488334,0.6618891,0.6568477,0.6582639,0.666849
0.6282664,0.6621791,0.6528463,0.6632733,0.6642592,0.6605328,0.6589005,0.6644786,0.6694951,0.6574866,0.6597005,0.6593988,0.6625772,0.6589738,0.6524473,0.6630865,0.6524486,0.6567259,0.6537765,0.6594023,0.657966,0.6566166,0.6502891,0.6542527,0.6570475,0.6583398,0.6504195,0.6662428,0.6667876,0.665152,0.6718821,0.6565653,0.6706198,0.6502442,0.6618891,0.6570094,0.6582734,0.6669149
0.6282664,0.6621791,0.653736,0.663596,0.6643175,0.6608578,0.6594623,0.6644807,0.6694951,0.6576307,0.6601842,0.6596861,0.6638019,0.6592369,0.6528459,0.6634301,0.6525677,0.6590055,0.6538205,0.6594023,0.6584559,0.6567336,0.6506553,0.6550642,0.6570475,0.6584056,0.6504195,0.6664923,0.6673388,0.6687775,0.6723544,0.6565771,0.6707317,0.6509334,0.6620891,0.6574961,0.6593274,0.667904
0.6287356,0.6639463,0.6537457,0.6650882,0.6651015,0.6610949,0.6594623,0.664614,0.6698499,0.6579685,0.6608904,0.6606022,0.6638019,0.6600087,0.6528459,0.6640872,0.6527734,0.6590055,0.6538205,0.659457,0.6586309,0.6568551,0.6507296,0.6555329,0.6579055,0.6584056,0.6506657,0.6664923,0.6675818,0.6691187,0.6728048,0.6571245,0.6707317,0.6518829,0.6622281,0.6574961,0.6596974,0.6681391
0.6288827,0.6647364,0.6539457,0.6655389,0.6651693,0.6618324,0.6604222,0.6647284,0.6704762,0.6579685,0.6609173,0.6628793,0.6641023,0.6617673,0.6545363,0.6642714,0.6529596,0.6595815,0.6555278,0.6598355,0.660316,0.6569045,0.6513391,0.6556465,0.6587986,0.6588357,0.6507939,0.6669607,0.667941,0.6706006,0.6728048,0.6589105,0.6729029,0.6527847,0.6624129,0.6580449,0.6598039,0.6687755
0.6292396,0.6651131,0.654366,0.6670582,0.6659257,0.6618579,0.6610288,0.6664424,0.6715123,0.6581383,0.6612928,0.6638207,0.6643745,0.661795,0.6556655,0.6647597,0.6529596,0.6598039,0.6562995,0.6598559,0.660316,0.6584985,0.6513644,0.6556465,0.6603658,0.6588357,0.651094,0.6672319,0.6680303,0.6718946,0.6731325,0.6591288,0.6729029,0.6527847,0.6634141,0.6596591,0.660224,0.6718924
0.6296571,0.6653377,0.6552245,0.6672517,0.6684639,0.662007,0.6610781,0.6674995,0.6718234,0.6593873,0.6612928,0.6640475,0.6677026,0.6619118,0.6556655,0.6647597,0.6529986,0.6598039,0.6566159,0.6598559,0.6603848,0.662344,0.6530377,0.6558933,0.6605124,0.6603532,0.6517219,0.6676258,0.6700286,0.6718946,0.6738637,0.659289,0.6729422,0.6537609,0.6634292,0.6596591,0.660224,0.6722486
0.6297349,0.6666264,0.656851,0.6672517,0.6684639,0.6621177,0.6614565,0.6683629,0.6719086,0.6597189,0.6625786,0.6645325,0.6687818,0.6621766,0.6557947,0.6651275,0.653944,0.6598499,0.6588107,0.6600653,0.6605025,0.6628486,0.6531981,0.6569697,0.6613045,0.66207,0.6528846,0.6680756,0.6702776,0.6725186,0.6747406,0.6595776,0.6731482,0.6539117,0.6645468,0.6597152,0.662548,0.672422
0.6300711,0.6671054,0.6574533,0.6673719,0.6692913,0.6625576,0.6616145,0.6728367,0.6727413,0.6611757,0.6625786,0.665199,0.6693109,0.6621809,0.6558551,0.6667295,0.6541307,0.6600178,0.6595975,0.6600653,0.6608601,0.662993,0.6539833,0.657234,0.6619766,0.6633277,0.6530541,0.6683348,0.6702776,0.6735359,0.6749592,0.6617636,0.673409,0.6541599,0.6650251,0.6597393,0.6627909,0.672721
0.63036,0.6671054,0.6574851,0.6676896,0.6697791,0.6630624,0.662884,0.6736579,0.6727413,0.6616831,0.6639748,0.6653958,0.6693109,0.6624782,0.6563755,0.66726,0.6541307,0.6603917,0.6604947,0.6604191,0.6608601,0.6643371,0.6550114,0.657234,0.6619766,0.6633439,0.653471,0.6684462,0.673388,0.6735359,0.675015,0.6623019,0.6740341,0.6543464,0.6657339,0.6597393,0.6631408,0.672721
0.6312379,0.6679334,0.6576416,0.6676896,0.669802,0.6655692,0.6640983,0.6744697,0.6729238,0.6630304,0.6653998,0.6656257,0.6695521,0.6634169,0.6566003,0.668335,0.6543523,0.6613955,0.6609706,0.6607761,0.6622513,0.6651299,0.6554011,0.6579234,0.6619981,0.6633819,0.653471,0.6686696,0.6752664,0.6741834,0.6757849,0.6633176,0.6750907,0.6548121,0.6657999,0.661813,0.6639711,0.6744445
0.631718,0.6679334,0.658458,0.6685015,0.669802,0.6655692,0.6642209,0.6749247,0.6729238,0.6631357,0.6653998,0.6657509,0.6705303,0.6634169,0.6573313,0.6703344,0.654382,0.662084,0.6612444,0.6607761,0.6624022,0.6655961,0.6563863,0.6591692,0.6619981,0.6638718,0.6541589,0.6696126,0.6752664,0.6750167,0.6759059,0.6633176,0.6750907,0.6554182,0.6657999,0.6620611,0.6671821,0.6747048
0.631718,0.6681366,0.6591645,0.6698054,0.6739587,0.6658767,0.6667787,0.6750776,0.6733069,0.6650516,0.6657002,0.6678979,0.670878,0.6651687,0.657339,0.6738763,0.6549056,0.663596,0.6615716,0.6607907,0.6628873,0.6655961,0.6564814,0.6591692,0.6622227,0.6653911,0.6548623,0.6696126,0.675993,0.6752289,0.6777217,0.6633274,0.675594,0.6556638,0.6659717,0.6620611,0.6678081,0.6755142
0.6322975,0.6681366,0.6591645,0.6717821,0.6739587,0.6658767,0.6686938,0.675377,0.6733069,0.6662393,0.665747,0.6692186,0.670878,0.6651687,0.6574402,0.6738763,0.6556926,0.6639233,0.6616044,0.6607907,0.6628873,0.666028,0.6578072,0.6592329,0.6629983,0.6657783,0.6556331,0.6697001,0.6780376,0.6760159,0.6777217,0.6633274,0.6772498,0.6567097,0.6668824,0.6633852,0.667962,0.6762031
0.6323958,0.6690534,0.6596886,0.672413,0.676822,0.666825,0.6692797,0.6756886,0.6734521,0.6681177,0.6660054,0.6706902,0.6712781,0.6655864,0.657676,0.6743682,0.6559149,0.6654776,0.6616044,0.6611337,0.6633664,0.6661853,0.6578158,0.6618767,0.6631037,0.6668874,0.6562183,0.6699818,0.6790843,0.6768887,0.6778283,0.6638302,0.6790632,0.6571985,0.6672713,0.6634525,0.667962,0.6767899
0.6323958,0.6691966,0.660094,0.672413,0.6780577,0.6678188,0.6724309,0.676001,0.6754403,0.6700243,0.6662195,0.6708633,0.6715412,0.6655864,0.657728,0.6743682,0.656954,0.6655184,0.6620826,0.6612125,0.6633692,0.6668763,0.659117,0.6622657,0.6641737,0.6673532,0.6562491,0.6703816,0.6804477,0.6778416,0.6809566,0.6645702,0.6796333,0.657854,0.6682182,0.6634525,0.668918,0.6784493
0.6326148,0.6697925,0.6605364,0.6725043,0.6786403,0.6678188,0.6724766,0.6763758,0.6791777,0.6702471,0.6666547,0.6708633,0.6724417,0.6660472,0.6594636,0.6752674,0.6570655,0.6660219,0.6625203,0.6617367,0.6637902,0.6668977,0.6597454,0.6623564,0.6643888,0.6680147,0.6570407,0.6707002,0.682329,0.6779957,0.6819773,0.6654971,0.6805569,0.6582476,0.6685556,0.6634976,0.668918,0.6792071
0.632916,0.6705358,0.6605364,0.6739924,0.6788368,0.6680299,0.6728312,0.6767946,0.6791777,0.6702471,0.6667228,0.6713024,0.6740458,0.666327,0.6603124,0.6755624,0.6579831,0.6682559,0.6645516,0.66187,0.6640894,0.6668977,0.6598469,0.6624731,0.6643888,0.6692174,0.6571177,0.6721135,0.682329,0.6802552,0.6819773,0.6654971,0.6805569,0.6592606,0.6685556,0.6635892,0.6689762,0.6792071
0.6329418,0.6707585,0.660902,0.6740305,0.6799613,0.6686082,0.6728312,0.6767946,0.6830467,0.6703521,0.6671842,0.6719993,0.6740458,0.6675063,0.6611312,0.6769122,0.6579831,0.6685699,0.6648723,0.6619829,0.6649023,0.6670765,0.6598469,0.6625018,0.6657222,0.6697989,0.6576232,0.6735869,0.6823454,0.6802552,0.6822101,0.6669018,0.6807034,0.6592606,0.6697716,0.6635892,0.6715945,0.6815895
0.6329696,0.6714224,0.660902,0.6741818,0.6805158,0.6708697,0.6731249,0.6772545,0.683894,0.6721267,0.6671842,0.6721494,0.6746478,0.6675063,0.6611587,0.6769122,0.6584942,0.6694689,0.6655196,0.6627685,0.6650298,0.6687068,0.6600079,0.6634628,0.6658267,0.6701401,0.6629855,0.6735869,0.682802,0.6814856,0.6829811,0.6669018,0.6809158,0.6595068,0.6703322,0.6639682,0.6715945,0.6815895
0.6329696,0.6714224,0.6613667,0.6744057,0.6807502,0.6733177,0.6733814,0.6780503,0.6850857,0.6726026,0.6679752,0.6741116,0.6756942,0.6679175,0.6612101,0.6779582,0.6585941,0.669841,0.6660614,0.6627685,0.6650298,0.6695367,0.6600079,0.6635231,0.6662047,0.6706601,0.6629855,0.6742219,0.682802,0.6818189,0.6838973,0.6675147,0.6819616,0.6598688,0.6712315,0.6690292,0.6719238,0.68419
0.633215,0.6715199,0.6613667,0.674528,0.6810597,0.6736246,0.6735868,0.6780503,0.6852623,0.6726026,0.6681942,0.6764939,0.6762054,0.6691766,0.6627707,0.6790157,0.6590862,0.669841,0.6661366,0.6628159,0.6650811,0.6695367,0.6604116,0.6638934,0.6685895,0.6716749,0.6631475,0.67558,0.6836069,0.6819256,0.6838973,0.6687404,0.6830671,0.6637382,0.6712315,0.6697428,0.6720108,0.6843626
0.6333818,0.6720271,0.6614572,0.6749382,0.6819452,0.6740136,0.6735868,0.679246,0.6871648,0.6735418,0.6694,0.6767763,0.6770711,0.6717786,0.6630734,0.6798429,0.6602604,0.6700986,0.6661366,0.6637878,0.6654715,0.6695633,0.6606554,0.6638934,0.6685895,0.6722446,0.6631475,0.67558,0.6836069,0.6823635,0.6865513,0.6688372,0.6831645,0.6654421,0.6720682,0.6741452,0.6721439,0.6848135
0.6333818,0.6730354,0.6630202,0.6764187,0.6830836,0.6749428,0.6756185,0.683533,0.6878122,0.6744054,0.6696472,0.677757,0.6772384,0.6722008,0.6631862,0.6803,0.6607302,0.6706294,0.6661681,0.6641453,0.6669261,0.6700792,0.6606554,0.6648486,0.6688849,0.6729116,0.6631925,0.6758207,0.6841327,0.6834947,0.6865513,0.6694871,0.6834345,0.6673246,0.6720682,0.6750091,0.6724138,0.6851802
0.6336637,0.6732215,0.6630342,0.6768584,0.684768,0.6749428,0.676228,0.683533,0.6885121,0.6755347,0.6700689,0.677757,0.6772384,0.672419,0.664465,0.6817293,0.6607302,0.6706664,0.6665992,0.664186,0.6680737,0.6701656,0.6620962,0.6655528,0.6689979,0.6729116,0.6638605,0.6758207,0.6853589,0.6845706,0.6869804,0.6717394,0.683832,0.6677348,0.6723908,0.6750091,0.6725089,0.6853239
0.6336637,0.6733297,0.6637797,0.6772943,0.6849143,0.675487,0.6764803,0.6845702,0.6894536,0.6775152,0.6707305,0.6784543,0.6805951,0.672419,0.6648527,0.6819218,0.6611256,0.671191,0.6668629,0.664186,0.6684089,0.6703149,0.6627576,0.6658423,0.6697272,0.6741446,0.6640888,0.6789419,0.6853589,0.6845706,0.687506,0.6725388,0.6839743,0.6682052,0.6730041,0.6760442,0.6725089,0.685338
0.6336771,0.673383,0.6651228,0.6777896,0.6886076,0.6772315,0.6791386,0.6850716,0.6900117,0.6790716,0.6707305,0.6869207,0.6805951,0.6734993,0.6648541,0.68202,0.6613054,0.6714768,0.6672614,0.6644084,0.668587,0.6703149,0.66383,0.6659702,0.6716659,0.6741446,0.665582,0.6806384,0.6858884,0.6874644,0.6875262,0.6741343,0.6855073,0.6684039,0.6730041,0.6769663,0.6727556,0.6863798
0.633886,0.673383,0.6652668,0.6777896,0.6886437,0.6774614,0.6791386,0.6886422,0.6912237,0.6793044,0.6709334,0.6882066,0.6813506,0.6740651,0.6655332,0.6823371,0.6619504,0.6718831,0.6696633,0.6644156,0.668587,0.6716157,0.6643703,0.666588,0.6716659,0.6748478,0.6656611,0.6806384,0.6883613,0.6874644,0.6885668,0.6742946,0.6855073,0.6685857,0.6743101,0.6769663,0.6728518,0.6891164
0.6346232,0.6738381,0.6656008,0.6785108,0.6893005,0.6774741,0.6802077,0.6886422,0.6912237,0.6797857,0.6730456,0.6898977,0.6826049,0.6741628,0.6656979,0.6827357,0.6620616,0.6719918,0.670887,0.6644156,0.6687245,0.6725958,0.6643703,0.666588,0.6716925,0.6748937,0.6656611,0.6809539,0.6883676,0.6876196,0.6903645,0.6762702,0.6875226,0.6688007,0.6752189,0.6771089,0.6749518,0.6904066
0.6346232,0.6742001,0.6669603,0.6787339,0.6906293,0.6778891,0.6816682,0.688904,0.6918088,0.6803507,0.6734133,0.6905142,0.6837346,0.6750459,0.6656979,0.6828694,0.6626321,0.6729666,0.6715245,0.6645351,0.6688796,0.67462,0.6647879,0.6667446,0.6716925,0.674931,0.6673316,0.6810046,0.6894377,0.688076,0.6903645,0.6763147,0.6875226,0.6690636,0.6753952,0.678075,0.6749518,0.6913823
0.6347893,0.6750221,0.6679802,0.6789132,0.6906293,0.6789172,0.6823642,0.6889328,0.6918088,0.6803507,0.673597,0.6910552,0.6837346,0.6751876,0.6661895,0.6854745,0.6626815,0.6748162,0.6726235,0.667749,0.6690776,0.6747454,0.6653232,0.6670718,0.673053,0.6764682,0.6680514,0.6810046,0.6894377,0.688076,0.6904943,0.6768249,0.6888296,0.6694159,0.6775308,0.6785315,0.6762855,0.6922086
0.6352045,0.6750221,0.6681382,0.6792215,0.691672,0.6792566,0.683745,0.6905393,0.6926537,0.6809351,0.6747695,0.6910552,0.6848821,0.6751876,0.6664432,0.6854745,0.6627352,0.6754136,0.6733931,0.6681232,0.6690776,0.6747454,0.6653616,0.6678731,0.6732813,0.6764682,0.6682085,0.6813925,0.6902895,0.6889814,0.6919185,0.6769996,0.6907838,0.6704788,0.6777531,0.6794375,0.6762855,0.6922086
0.6353782,0.6761422,0.6682439,0.6792215,0.6916973,0.6793129,0.6841898,0.6909625,0.6963827,0.6818328,0.6750454,0.6923285,0.6853789,0.6757438,0.6664432,0.6855688,0.6627352,0.6783385,0.6736145,0.6687156,0.669628,0.6751479,0.668136,0.6683584,0.6740632,0.6793497,0.6691344,0.6828697,0.6916713,0.6901654,0.6991958,0.6778219,0.6908559,0.6707642,0.6778229,0.6805955,0.6773958,0.6923775
0.6354988,0.6764866,0.6682439,0.6794301,0.6916973,0.6798412,0.6856715,0.6914131,0.6965163,0.6819968,0.6750454,0.6938574,0.6853789,0.6774835,0.6669402,0.6855688,0.6632013,0.6783385,0.674446,0.6690815,0.669628,0.6762942,0.668136,0.6684571,0.6749434,0.6793497,0.6696269,0.6829977,0.6940863,0.6901892,0.7008419,0.6778922,0.6913666,0.6713744,0.6778229,0.6807539,0.6795807,0.6940109
0.6355468,0.6774535,0.6684702,0.6794301,0.6931814,0.6804405,0.6856715,0.6925746,0.697213,0.683,0.6764727,0.6948931,0.6853924,0.679121,0.6674395,0.6857928,0.6637003,0.6788671,0.6749856,0.67022,0.6702043,0.6776616,0.6693513,0.6686571,0.6754625,0.6794312,0.6696269,0.6838357,0.6943181,0.6901892,0.7023698,0.6781283,0.694907,0.6717564,0.6792795,0.6810962,0.6798776,0.6942405
0.6356727,0.6788536,0.6701029,0.6795911,0.6974199,0.6812689,0.6864697,0.6926739,0.6972641,0.6838934,0.6764727,0.6965892,0.6887171,0.6797552,0.6686266,0.6877197,0.6637003,0.6809994,0.6749856,0.67022,0.6709122,0.6776616,0.6693513,0.6694647,0.6759532,0.6799069,0.6713196,0.6844304,0.6962684,0.6909309,0.7023698,0.6833399,0.6964632,0.6717564,0.6800272,0.68332,0.6808439,0.6945785
0.6357222,0.6788536,0.6702974,0.6812953,0.6974199,0.6847598,0.6866575,0.6931533,0.6972641,0.6838934,0.6766039,0.6975191,0.6888533,0.6806317,0.6686266,0.6881804,0.6639356,0.6809994,0.6766876,0.6714558,0.6709122,0.677907,0.6695576,0.6705045,0.6759532,0.6816021,0.6713196,0.6844304,0.7068478,0.6909309,0.7039307,0.6841991,0.7015876,0.6720192,0.6808742,0.68332,0.6811961,0.6945785
0.6359782,0.6792377,0.6715746,0.6814832,0.6977426,0.6847598,0.6876442,0.6931533,0.69743,0.6844752,0.6766039,0.6999679,0.68916,0.6813713,0.6695337,0.6886267,0.6644325,0.6830756,0.6797201,0.6714558,0.6712839,0.678925,0.6696746,0.6705095,0.6760333,0.6816021,0.6713345,0.6854659,0.7087252,0.6921092,0.7039307,0.6841991,0.7019459,0.6728467,0.6810348,0.6836368,0.6812911,0.6988708
0.6360255,0.6808849,0.6739408,0.6828339,0.6997131,0.6859124,0.6881391,0.6968303,0.6976704,0.6844752,0.6768222,0.7000778,0.6893594,0.6830227,0.6695337,0.688707,0.6647648,0.6835639,0.6813167,0.6721287,0.6712913,0.678925,0.6696746,0.6705953,0.6760333,0.685799,0.6741513,0.6871822,0.7087252,0.6921092,0.7065794,0.6877964,0.7021226,0.6734499,0.681212,0.6849035,0.6821559,0.699076
0.6370427,0.6811461,0.6739408,0.6861502,0.6997131,0.6923187,0.6911027,0.6993776,0.6999757,0.684879,0.6768222,0.7000778,0.6906049,0.6837024,0.6698765,0.6915922,0.6648642,0.6838386,0.6815504,0.6724731,0.6717357,0.6803264,0.6696958,0.6707129,0.6776418,0.6864202,0.674278,0.6881156,0.7095702,0.6949778,0.7084923,0.6896668,0.7043914,0.673548,0.6819997,0.6850959,0.6846195,0.700985
0.6372655,0.6812302,0.6758291,0.6861502,0.7004009,0.6926037,0.6911143,0.7011902,0.6999757,0.6855403,0.6772449,0.7038184,0.6906049,0.686298,0.669922,0.6923904,0.6649151,0.683852,0.6815504,0.6739116,0.6719579,0.6803264,0.6706692,0.6722752,0.6776716,0.6872773,0.6748931,0.6885405,0.7115639,0.6971009,0.7149423,0.6917667,0.7066667,0.673981,0.6855336,0.6850959,0.6846195,0.7038529
0.6378956,0.6823687,0.6763146,0.6875259,0.7028851,0.6953663,0.691587,0.7035137,0.7000698,0.6855403,0.6792475,0.7048498,0.6915789,0.6863026,0.6703361,0.6925234,0.6649151,0.683852,0.6820776,0.6741642,0.6722139,0.6832205,0.6712591,0.6726156,0.6789145,0.6890484,0.6749245,0.6887393,0.7123942,0.6995494,0.7149423,0.6931366,0.7066816,0.6747738,0.6863459,0.6874599,0.6847818,0.7067021
0.6380355,0.6823687,0.6769292,0.6881459,0.7032003,0.6959982,0.691587,0.70597,0.7016503,0.6870978,0.6801614,0.7063076,0.6937489,0.6863026,0.6706393,0.6932049,0.6654723,0.6876553,0.6830287,0.6741642,0.6727269,0.6833413,0.6713261,0.6731693,0.6800799,0.6906504,0.6757615,0.6900035,0.7128606,0.7006974,0.7152335,0.6955789,0.7076065,0.6749373,0.6875998,0.6875876,0.6847818,0.7072776
0.6384565,0.6830786,0.6781449,0.6881459,0.7032003,0.7012779,0.6916051,0.70597,0.7097818,0.6870978,0.6804532,0.7073256,0.6955936,0.6882792,0.6723946,0.6937414,0.6654723,0.6882343,0.6854233,0.6773566,0.6729639,0.6833413,0.6719831,0.6733811,0.6807226,0.6906504,0.6761735,0.6907519,0.7128606,0.7015961,0.7152335,0.6955789,0.7076065,0.6770291,0.6879528,0.6886176,0.6855424,0.7084474
0.6385074,0.6854351,0.6781449,0.6881541,0.7094573,0.7012779,0.6916051,0.7130716,0.7115583,0.6873666,0.6812763,0.7074722,0.6960032,0.6882814,0.6736423,0.6937414,0.6655187,0.6892229,0.687462,0.6786321,0.6736868,0.6843842,0.6729754,0.6744824,0.6820969,0.6909158,0.6765159,0.691203,0.7162261,0.7031577,0.7165121,0.6957034,0.7081832,0.6776181,0.6882507,0.6918149,0.6873897,0.7124595
0.6385074,0.6854351,0.6816332,0.6902674,0.7102889,0.7018845,0.6921918,0.7130716,0.7115583,0.6877106,0.6834785,0.7113065,0.6967253,0.6893232,0.6741007,0.6937591,0.6680071,0.6897746,0.6880703,0.67952,0.6736868,0.686067,0.6736188,0.6744824,0.6831986,0.6909562,0.6777505,0.6927512,0.7171486,0.7031577,0.7232018,0.6976424,0.711964,0.6779543,0.6885676,0.6945706,0.6873897,0.7157545
0.6387173,0.6860361,0.6818393,0.6902674,0.7126042,0.7045059,0.6921918,0.7160433,0.7156763,0.6883923,0.6834785,0.7129496,0.6970248,0.6893232,0.6762621,0.6957392,0.6680343,0.6898767,0.6923291,0.6798144,0.6738922,0.6863286,0.6764227,0.6750621,0.6834309,0.6919835,0.6781051,0.6959678,0.7194522,0.7060457,0.7232018,0.7000925,0.711964,0.6790247,0.6890223,0.6977986,0.6890214,0.7164194
0.6387413,0.6863064,0.6818393,0.6912872,0.7135233,0.7045618,0.6947898,0.7160433,0.7193488,0.6883923,0.6849923,0.7129496,0.697807,0.6903037,0.6782636,0.6971729,0.6688166,0.6900646,0.6931188,0.6798309,0.6748688,0.686781,0.6769335,0.6777107,0.6834309,0.6929064,0.6781808,0.6972483,0.7228744,0.710029,0.7243237,0.7041958,0.7177628,0.6809146,0.6890223,0.6977986,0.6890214,0.7164194
0.6389396,0.6889879,0.6825541,0.6912872,0.7147392,0.7045618,0.6995438,0.716697,0.7255787,0.6902141,0.6852253,0.7137934,0.6979415,0.6905384,0.6797885,0.6972315,0.6707588,0.6903452,0.6954724,0.6806046,0.6762341,0.6882143,0.6770859,0.6781687,0.6836217,0.6929064,0.6785594,0.700864,0.7256292,0.7115619,0.7243237,0.7062734,0.7183875,0.6827256,0.6892432,0.6983007,0.6901587,0.7169288
0.6389396,0.6890802,0.6825541,0.6941151,0.7155638,0.704576,0.6995438,0.7168069,0.7267257,0.6903525,0.6853365,0.7180468,0.6995291,0.6938377,0.679889,0.6972772,0.6707848,0.6906757,0.6978016,0.6810839,0.677136,0.6903185,0.677181,0.6824563,0.6848277,0.6942779,0.6791202,0.7012147,0.7294989,0.7121597,0.7281457,0.7073243,0.7234146,0.6832365,0.6901985,0.6984677,0.6903251,0.7169288
0.6390884,0.6890802,0.6835257,0.6944237,0.7160564,0.7064751,0.7031931,0.7168069,0.7286232,0.6920584,0.6861868,0.7180468,0.699581,0.6940513,0.6800768,0.6972772,0.6732243,0.6919367,0.6978016,0.6813201,0.678263,0.690725,0.6772021,0.6842063,0.6849214,0.6966028,0.6797829,0.7036877,0.7334229,0.7121597,0.7281457,0.7138027,0.7234146,0.6838463,0.6935519,0.6988824,0.690799,0.7241712
0.6390884,0.6919612,0.6841637,0.6944237,0.7175222,0.7071373,0.7063748,0.7182151,0.7286232,0.6953705,0.6876071,0.7181585,0.7012808,0.6949194,0.6802801,0.6973541,0.6739529,0.6942402,0.6994515,0.6833457,0.6795654,0.6915232,0.6773031,0.6859483,0.6856738,0.6980058,0.6810505,0.7050487,0.7364927,0.7133103,0.7290585,0.7138027,0.7255484,0.6842852,0.698154,0.6991228,0.6909388,0.7241712
0.6394433,0.6919612,0.6848938,0.6956607,0.7180882,0.7071373,0.7075665,0.7186846,0.7289746,0.6956018,0.6876071,0.7220441,0.7047001,0.697106,0.680348,0.6997801,0.6739529,0.6944675,0.6995772,0.6833457,0.6812952,0.6924647,0.6780502,0.6866157,0.6859435,0.6998083,0.6816036,0.7050487,0.7396054,0.7133564,0.7294556,0.7160998,0.7274281,0.6844114,0.698154,0.7017164,0.6933399,0.7264717
0.6394892,0.6923489,0.6851,0.698391,0.7200206,0.7079154,0.7075665,0.7199526,0.7334196,0.6964506,0.6877699,0.7244107,0.7064517,0.6977589,0.6820918,0.7002872,0.6745479,0.6944675,0.7007272,0.6833528,0.6834031,0.6936617,0.6780502,0.6866226,0.6860394,0.702632,0.6817788,0.7076359,0.7408991,0.7206026,0.7312563,0.7164672,0.731407,0.6844601,0.6981983,0.7017164,0.6943244,0.7326336
0.6403878,0.6933352,0.6851,0.6988234,0.7208781,0.7094825,0.7079829,0.7205231,0.7361605,0.7002737,0.6877993,0.7246992,0.7070828,0.6980166,0.6853382,0.7039192,0.6746443,0.6974312,0.7020814,0.6836055,0.6852587,0.6998953,0.6781725,0.6871929,0.6865114,0.7048184,0.6822687,0.7094,0.743404,0.7261572,0.7312563,0.7206238,0.7316736,0.6854198,0.6988615,0.7058267,0.6955249,0.7326336
0.6403878,0.6955782,0.6852562,0.7015304,0.7225519,0.7154944,0.7090518,0.7205231,0.7361605,0.701254,0.6877993,0.7251226,0.7084919,0.6980166,0.6866845,0.7039192,0.6783477,0.6990256,0.7020814,0.6869449,0.6908073,0.7014741,0.6792238,0.6876734,0.6876747,0.7065064,0.6838755,0.7113496,0.7435169,0.7307889,0.7331366,0.7217732,0.7316736,0.6857376,0.6999275,0.7058267,0.6955249,0.7392299
0.6406346,0.696299,0.6861656,0.7032606,0.7253177,0.715625,0.7163419,0.721076,0.7381963,0.701345,0.6884797,0.7256637,0.7094362,0.6992971,0.6871547,0.7060965,0.6807623,0.6991373,0.7029878,0.6884556,0.6923008,0.7036914,0.6792238,0.6876988,0.6895175,0.7076942,0.6842884,0.7140567,0.7435169,0.73102,0.7357802,0.7222065,0.7331794,0.6857376,0.7005645,0.7066092,0.6955681,0.7416632
0.6410383,0.6990863,0.688049,0.7055226,0.7264264,0.7177037,0.7163419,0.721741,0.7381963,0.7033854,0.6885368,0.7257307,0.7107034,0.6994412,0.6882608,0.7070081,0.6807623,0.7000169,0.7037056,0.6902171,0.6923008,0.7050665,0.6793774,0.6878831,0.6906579,0.7076942,0.6848156,0.7149021,0.7449708,0.7311898,0.7373791,0.7241082,0.7339383,0.6867971,0.7056562,0.7089303,0.6962428,0.7449432
0.6412006,0.6994708,0.6883964,0.7055226,0.7343392,0.7204298,0.7174317,0.7237121,0.738845,0.7067274,0.6897796,0.726182,0.7107034,0.7002137,0.6882608,0.7070081,0.6820536,0.7000169,0.7090285,0.6916057,0.6932729,0.7050665,0.6793774,0.6903736,0.6914428,0.7114567,0.6854176,0.7169759,0.7468641,0.7418854,0.737824,0.7282915,0.7494526,0.6876465,0.7095645,0.709384,0.6975057,0.7449432
0.6412337,0.7014126,0.6883964,0.7057363,0.7343392,0.7204298,0.7207947,0.731263,0.7393482,0.7095728,0.6897796,0.726182,0.7107431,0.7010442,0.6935803,0.7087802,0.6827576,0.7014316,0.7090285,0.6929984,0.6933578,0.7051443,0.679624,0.6910837,0.6936308,0.7114683,0.6857331,0.717301,0.7483132,0.7478704,0.7382321,0.731236,0.7507773,0.6892032,0.7095645,0.7097544,0.7006215,0.7468138
0.6423165,0.701766,0.689332,0.7057363,0.7383667,0.7273393,0.7230602,0.7326926,0.7416622,0.7121064,0.6897866,0.7309693,0.711285,0.7018816,0.6935803,0.7093636,0.6844767,0.7014805,0.7109175,0.6943396,0.6947732,0.7059819,0.6810384,0.6910837,0.6939282,0.71175,0.6885978,0.7200661,0.7492683,0.7481391,0.7409149,0.7325463,0.7507773,0.6895248,0.7134396,0.7097544,0.7039259,0.7497476
0.6426176,0.701766,0.689596,0.7065909,0.7383667,0.7278787,0.7280369,0.733924,0.7449264,0.7121064,0.6901431,0.7333008,0.715378,0.703265,0.6953009,0.7096126,0.6844767,0.7052127,0.7109175,0.6943396,0.6947732,0.722207,0.6811401,0.6912308,0.6966707,0.7126936,0.6909402,0.721066,0.7521945,0.7487809,0.7442247,0.7325463,0.7525231,0.6895886,0.7134396,0.7100977,0.7066694,0.7582141
0.642649,0.704987,0.6899241,0.7087366,0.7474425,0.7278787,0.7287038,0.7344645,0.7449264,0.7142211,0.6901615,0.7333008,0.7178278,0.703265,0.6953009,0.7096126,0.6849411,0.7052127,0.7141874,0.6945798,0.6962726,0.7234629,0.681152,0.6936497,0.6983256,0.7134964,0.6909402,0.725402,0.7535063,0.7487809,0.7442247,0.7372825,0.7534546,0.6898843,0.715315,0.7103487,0.7095839,0.7622189
0.6426865,0.7084235,0.6899635,0.7100449,0.7521802,0.7302673,0.7289381,0.7428692,0.7547443,0.7151736,0.6901615,0.7441019,0.7245714,0.7034154,0.703083,0.7107953,0.6889175,0.7068581,0.716393,0.6976617,0.6962726,0.7262277,0.6819751,0.69551,0.6983474,0.7142616,0.6910667,0.7262545,0.7595885,0.750807,0.7444278,0.7372825,0.753647,0.6898843,0.7154212,0.7123311,0.7147911,0.7646667
0.6445736,0.7084235,0.6899635,0.7102673,0.7529205,0.73474,0.7324163,0.7458304,0.7699207,0.7154888,0.6905589,0.7441019,0.7245714,0.7034154,0.7034785,0.7128584,0.6895529,0.7109239,0.7178218,0.699856,0.6987897,0.7268469,0.6830387,0.6981891,0.7008019,0.7142616,0.6913118,0.7274723,0.7625644,0.7583973,0.7457965,0.7389608,0.7573397,0.6912983,0.7160151,0.7123311,0.716325,0.7648878
0.6445736,0.7095084,0.6931036,0.7103323,0.7555995,0.7368122,0.7324163,0.7458304,0.7870559,0.7154888,0.6905589,0.745664,0.7252581,0.7046431,0.7046372,0.7137438,0.6900607,0.7112852,0.7205734,0.699856,0.6987897,0.7271427,0.6847667,0.6994276,0.7011147,0.7166305,0.6923209,0.7274723,0.7631634,0.7645002,0.7516184,0.756264,0.7714333,0.6942925,0.7185001,0.7123627,0.716325,0.7781533
0.6450369,0.7118256,0.6959107,0.718295,0.7555995,0.7428021,0.7352963,0.7469438,0.7930102,0.7208586,0.6921704,0.745664,0.7262025,0.7059436,0.7046372,0.7194628,0.6900607,0.7118907,0.7228737,0.701754,0.7085144,0.7328413,0.687415,0.6994276,0.7011147,0.7166305,0.692471,0.7276057,0.7631634,0.7645002,0.7516184,0.7583766,0.7718585,0.6942925,0.7204058,0.7172813,0.7191514,0.7781533
0.6454331,0.7118256,0.7037013,0.7240755,0.7763581,0.7428021,0.7352963,0.7501588,0.8021499,0.7217717,0.6927438,0.7480004,0.7295314,0.7070661,0.7051503,0.719633,0.6907526,0.7118907,0.7249693,0.703919,0.7085144,0.7336944,0.6919572,0.7004954,0.7014312,0.7167859,0.6932624,0.7276057,0.7652434,0.7650441,0.7528399,0.774387,0.7718585,0.6975182,0.7204058,0.7172813,0.7199531,0.7830774
0.6454635,0.7185102,0.7087685,0.7263475,0.7796382,0.7464094,0.7377831,0.7511425,0.8054408,0.725334,0.6927631,0.7540296,0.7307327,0.7097243,0.7055855,0.7207181,0.6908061,0.7147602,0.7250873,0.703919,0.71023,0.7336944,0.6924624,0.7004954,0.7041219,0.7178324,0.6987506,0.7311786,0.7652434,0.766371,0.7541194,0.774387,0.7738965,0.6976705,0.7205011,0.7189076,0.720958,0.7830774
0.6454635,0.7185102,0.7093608,0.7264546,0.7937435,0.7556596,0.7410906,0.7511425,0.8054408,0.725334,0.6930757,0.7657177,0.7308138,0.7098711,0.7064701,0.7218019,0.6914146,0.7159581,0.7250873,0.7053076,0.71023,0.7345578,0.6924624,0.7025651,0.7041219,0.7192932,0.6990785,0.7325105,0.7949173,0.7688318,0.7541194,0.7801193,0.7836585,0.6988902,0.7210454,0.7189076,0.720958,0.7853395
0.6461476,0.7208433,0.7215025,0.7264546,0.8033356,0.7602441,0.7431264,0.7547708,0.8098584,0.7275437,0.6941528,0.7657177,0.745199,0.7129453,0.7064701,0.7265961,0.6917554,0.7169173,0.7292336,0.7091546,0.7119277,0.7361645,0.6970666,0.7031908,0.7041336,0.7196918,0.7002541,0.7326161,0.7949173,0.7715901,0.7578574,0.7831452,0.7939411,0.6989383,0.7216555,0.7190505,0.7243127,0.7935157
0.6467296,0.7235447,0.7216831,0.7315922,0.8072327,0.7622207,0.7439156,0.7553508,0.8154347,0.7275619,0.6984636,0.7670925,0.7519676,0.7189982,0.7066083,0.727862,0.6917554,0.7169173,0.7292336,0.7091546,0.712217,0.7373138,0.6970666,0.7031908,0.7043111,0.7205142,0.703786,0.7381097,0.8116795,0.7737597,0.7636192,0.7831452,0.8022945,0.7003794,0.7223614,0.7207079,0.7243127,0.7962119
0.6467833,0.7251477,0.7218581,0.7330818,0.813663,0.768106,0.7514539,0.7569501,0.832517,0.7340402,0.7002793,0.7682725,0.7549726,0.7225125,0.7066083,0.7380937,0.6919177,0.7180448,0.7332596,0.7104009,0.7128499,0.7373138,0.6980265,0.7039325,0.7056549,0.7215918,0.7077992,0.7406319,0.8116795,0.7761737,0.7742403,0.7873812,0.8022945,0.7006086,0.7239037,0.7230131,0.7261415,0.7962119
0.6468393,0.7287432,0.7266668,0.735727,0.8325552,0.7689313,0.7536898,0.7597036,0.8679171,0.7348921,0.7008123,0.7682725,0.7576887,0.7225689,0.7119361,0.7592266,0.6919177,0.720976,0.7345259,0.7128639,0.7149018,0.7377614,0.6980265,0.7039325,0.7066745,0.7277755,0.7089555,0.7406319,0.842179,0.7779914,0.7849512,0.8013406,0.8152507,0.7025385,0.7256281,0.7230131,0.7271346,0.7969043
0.6468393,0.7301132,0.7266668,0.735727,0.8404311,0.7715398,0.7576852,0.7597036,0.8868904,0.7349053,0.7008123,0.7829463,0.7720931,0.7231797,0.7119361,0.7677577,0.6938827,0.7214789,0.7413431,0.715037,0.7156014,0.7421839,0.6983372,0.7064329,0.7066745,0.7277755,0.7089555,0.742027,0.842179,0.7779914,0.7960921,0.8167567,0.8297026,0.7025385,0.7256281,0.7255794,0.729529,0.8022068
0.6468606,0.7307023,0.7273958,0.7399632,0.8451306,0.7715398,0.7576852,0.7682187,0.9074123,0.7364583,0.7014235,0.7876708,0.7720931,0.7245056,0.7126472,0.7704395,0.6994846,0.7302284,0.7441462,0.715679,0.7156014,0.7422026,0.6999106,0.7064329,0.7072002,0.7301859,0.7178764,0.7428668,0.8481586,0.7863075,0.8364424,0.8167567,0.8373045,0.703286,0.7260949,0.7273557,0.729529,0.8115731
0.6480241,0.7495169,0.7286063,0.7402735,0.8899203,0.7774259,0.7651585,0.7728899,0.9074123,0.7378296,0.7019159,0.7876708,0.7951489,0.7245056,0.7126472,0.7714676,0.7009281,0.7346331,0.7499776,0.7157999,0.7205478,0.7422026,0.7003651,0.7068207,0.707389,0.7311566,0.7188829,0.7459342,0.8637681,0.7863075,0.8436976,0.8228967,0.8373045,0.7063663,0.7284951,0.7275624,0.7302028,0.8415583
0.6482266,0.7656781,0.7286063,0.7479761,0.9215477,0.7941986,0.7760497,0.7728899,0.9202318,0.7394788,0.7019159,0.7892011,0.7972703,0.7263798,0.7126916,0.7714676,0.7009281,0.7413209,0.7500491,0.7184933,0.7205478,0.7442095,0.7009755,0.7070896,0.7115481,0.7311566,0.722107,0.7459342,0.8723629,0.7975201,0.8685235,0.8238037,0.8484113,0.709788,0.7311168,0.7291676,0.7380274,0.8497195
0.6483088,0.7656781,0.7287498,0.7479761,0.9215477,0.8019684,0.7925277,0.7743614,0.9338593,0.740876,0.702146,0.7943061,0.8013493,0.7263798,0.7169503,0.7879129,0.7050127,0.741969,0.7500491,0.7184933,0.7205796,0.7451257,0.7010516,0.7079381,0.7124838,0.7315477,0.722107,0.746518,0.8889896,0.7975201,0.8876922,0.8522269,0.8514864,0.7143551,0.7337532,0.7291676,0.7389264,0.882173
0.6485758,0.7662899,0.7333632,0.7647829,0.964401,0.8032183,0.792647,0.7813196,0.9526032,0.7460955,0.7028685,0.7950897,0.8095162,0.7354288,0.7169503,0.8028964,0.7124673,0.7522214,0.7639593,0.7187725,0.7205796,0.7451257,0.701465,0.7083027,0.7139803,0.7332895,0.7253631,0.746518,0.9179346,0.8027139,0.8895914,0.8522269,0.8626963,0.7143551,0.7365742,0.7316188,0.7408941,0.882173
0.6486516,0.7662899,0.7336095,0.7683573,1.0003552,0.8064685,0.792647,0.7847176,0.9526032,0.7462251,0.7041504,0.8228947,0.8203107,0.7375444,0.7235101,0.8126601,0.7136748,0.7616186,0.7642266,0.719235,0.7216918,0.7462844,0.7035995,0.7096536,0.7140173,0.7333674,0.7260126,0.7555385,0.9179346,0.8215471,0.907852,0.8566774,0.8755774,0.7159343,0.7368621,0.7322841,0.7426487,0.8931454
0.6486983,0.7718634,0.7347726,0.7710196,1.0443662,0.811625,0.7941625,0.7847396,0.9693477,0.7462251,0.7054852,0.8233894,0.8321714,0.7428802,0.7254169,0.8126601,0.717605,0.7649349,0.7926043,0.7195724,0.7216918,0.7481762,0.7044183,0.7104485,0.7140782,0.7333674,0.7260126,0.7570916,0.9614329,0.8331244,0.907852,0.8726394,0.8823152,0.7185724,0.7368621,0.7332743,0.7456144,0.8995386
0.6487277,0.7764224,0.7360244,0.779187,1.0563397,0.811625,0.8022748,0.7847396,1.0072095,0.7474061,0.7072783,0.8755292,0.8472326,0.7443422,0.7334248,0.8149673,0.7179247,0.7649349,0.805441,0.7211871,0.7226857,0.7551952,0.705935,0.7112324,0.7141425,0.7344991,0.7285563,0.7570916,0.9874257,0.8331244,0.9087096,0.8858903,0.9104322,0.7185724,0.7435347,0.7332743,0.748359,0.8995386
0.648756,0.7894499,0.738592,0.7798145,1.0563397,0.8290647,0.8108928,0.795516,1.0097136,0.7486046,0.7082089,0.8863176,0.8519886,0.7467921,0.735088,0.8410079,0.7199054,0.7738268,0.805441,0.7238458,0.7226857,0.7574377,0.7065819,0.7153779,0.7191557,0.7449772,0.7318401,0.7575323,1.0484131,0.848431,0.9087096,0.8981871,0.9292381,0.7245241,0.7533409,0.7380815,0.7518067,0.9344561
0.648756,0.7968234,0.7473922,0.7798145,1.0620382,0.8310185,0.8269027,0.795925,1.0097136,0.7592166,0.7082522,0.8863176,0.8661261,0.7477903,0.7417493,0.8410079,0.7199054,0.7752464,0.822625,0.7245941,0.7243181,0.759244,0.7080824,0.7153779,0.7193485,0.7486967,0.7336176,0.7583601,1.0484131,0.8547937,0.9417557,0.8981871,0.9325932,0.7246638,0.7595392,0.7390694,0.7626419,0.9622426
0.6495897,0.7971975,0.7708248,0.7811883,1.0677396,0.8561264,0.8269027,0.7962177,1.0627208,0.7711159,0.7101894,0.9109007,0.8800076,0.7486113,0.7426272,0.8745902,0.7216853,0.776833,0.822625,0.7246947,0.7255351,0.7755739,0.7080824,0.7166676,0.720809,0.7520286,0.7395816,0.7700492,1.1429395,0.8580226,0.9737336,0.9048206,0.9725457,0.7246638,0.7595392,0.7400133,0.7660096,0.9741178
0.6501367,0.8007864,0.7712321,0.7813521,1.0798682,0.8597173,0.8274434,0.7962177,1.0869821,0.8029777,0.7104808,0.9109007,0.9113881,0.7533751,0.7442291,0.9483377,0.7258885,0.7786632,0.8248136,0.7268216,0.7255351,0.7788653,0.7081184,0.7228073,0.7210386,0.756746,0.745846,0.7728339,1.1935967,0.8926145,0.9852758,0.9048206,0.9848339,0.7334667,0.771873,0.7421545,0.7660096,0.9741178
0.6503579,0.8302514,0.7712464,0.8001494,1.0902778,0.8683644,0.8414689,0.8089638,1.1179276,0.8053483,0.7111117,0.9266555,0.9113881,0.7586628,0.7459146,0.9548178,0.7260717,0.7801264,0.8345661,0.7321428,0.727511,0.7789738,0.7081184,0.7228073,0.7232538,0.757559,0.7471856,0.7789286,1.2007983,0.8947506,1.0021539,0.9210256,0.9848339,0.7334667,0.7891495,0.746239,0.7760191,1.0154513
0.6503579,0.842518,0.7743476,0.8001494,1.0931572,0.8683644,0.8660023,0.8171792,1.1313185,0.8053483,0.7120635,0.9266555,0.9487328,0.7597566,0.7510352,0.9804897,0.7375662,0.7801484,0.8345661,0.7358598,0.7292348,0.7789738,0.713736,0.7233884,0.726679,0.767232,0.7498175,0.7864603,1.2008125,0.9211261,1.0021539,0.9210256,0.987778,0.7356848,0.7891495,0.7499225,0.7772053,1.033807
0.6504522,0.8476934,0.7743476,0.804208,1.0978664,0.8827474,0.8898334,0.834205,1.1313185,0.8097899,0.7153379,0.9746428,0.9824168,0.7644704,0.7510352,1.003906,0.7463955,0.7965955,0.8574775,0.744789,0.7298915,0.8037456,0.7159605,0.7233884,0.7273327,0.7794277,0.753929,0.7864608,1.2213002,0.9624643,1.0069655,0.9648619,1.0076303,0.7422804,0.8036144,0.7499225,0.7802489,1.0353878
0.651352,0.8542948,0.774761,0.8249743,1.1114793,0.885215,0.896612,0.8604676,1.134128,0.8105904,0.7153379,0.9746428,1.0431628,0.7644704,0.7597475,1.0203675,0.7463955,0.7965955,0.8885248,0.7467974,0.7298915,0.8037456,0.7170734,0.7234606,0.7299486,0.7840984,0.7539943,0.7864608,1.2345883,0.9813162,1.0151638,1.0139167,1.0390124,0.7429663,0.8036144,0.7501536,0.7879965,1.0980137
0.6513633,0.8651364,0.7955418,0.8308795,1.1154314,0.8974752,0.896612,0.9217868,1.1449207,0.8105904,0.7183256,1.0039485,1.0539655,0.7670121,0.7608311,1.0203675,0.7468374,0.802397,0.9429141,0.7482685,0.7322228,0.811674,0.7182384,0.7284595,0.73591,0.7918501,0.7611577,0.802273,1.2384553,1.0042025,1.0374824,1.0425925,1.086613,0.7449218,0.8248473,0.7501536,0.79154,1.1354897
0.6514486,0.8758349,0.8423749,0.8308795,1.1322698,0.8974752,0.9119412,0.9217868,1.1710451,0.8219716,0.7189431,1.0060641,1.0578963,0.7735098,0.7631166,1.0681958,0.747438,0.8067925,0.9658926,0.7482685,0.7352763,0.8177713,0.7182384,0.7361846,0.7386338,0.7918501,0.8090885,0.8034605,1.2751254,1.0058317,1.0617314,1.0536083,1.1321029,0.7504695,0.858173,0.7557468,0.7997078,1.1484947
0.6514486,0.9072271,0.8423749,0.8646155,1.1694833,0.9364267,0.9119412,0.9296754,1.2015172,0.8311977,0.7189431,1.0198705,1.0983241,0.7742893,0.7668879,1.0958054,0.7488342,0.8189436,0.9747754,0.7500952,0.7368138,0.8199046,0.7231364,0.7408243,0.7389592,0.7942699,0.8090885,0.8034605,1.2908152,1.0058317,1.0762387,1.0536083,1.1425631,0.7688544,0.8745273,0.7576995,0.7997078,1.1535165
0.6515698,0.9814895,0.8652788,0.8752856,1.1842543,0.9539193,0.9154414,0.9938581,1.2015172,0.8330561,0.7196176,1.0406785,1.1102688,0.7798698,0.7668879,1.0958054,0.7488342,0.831358,0.976266,0.7514126,0.7378314,0.8228673,0.7250443,0.753443,0.7419325,0.8001495,0.8268107,0.8117185,1.3414992,1.0206724,1.0762387,1.0779861,1.1425631,0.7688544,0.9087424,0.8044196,0.8589826,1.1649354
0.6516122,0.9918402,0.9209255,0.9093182,1.2567346,0.9615537,0.9154414,0.9938581,1.2194842,0.8330561,0.7212364,1.0584962,1.1102688,0.7841101,0.7691346,1.1160425,0.7523891,0.831358,1.0589056,0.7530508,0.7394371,0.8778914,0.7266362,0.7555554,0.7452145,0.8001495,0.8375798,0.8117185,1.3741847,1.0783107,1.0952123,1.0833917,1.1481284,0.7704649,0.9368523,0.8044196,0.8726155,1.2469638
0.6518317,1.0234928,0.9592265,0.9773452,1.3001522,0.9615537,0.9361841,1.0420623,1.2424807,0.838431,0.7216517,1.0584962,1.1128988,0.7880819,0.7829451,1.1186199,0.7524114,0.8348835,1.0589056,0.7536954,0.7394371,0.9072401,0.7283218,0.7584951,0.7577237,0.805769,0.871063,0.837739,1.3828297,1.0783107,1.0952123,1.0833917,1.1867016,0.7731625,0.9368523,0.8324525,0.8771251,1.3197832
0.6523891,1.0284266,1.1164059,0.9793227,1.3140568,0.964712,0.9710142,1.0457509,1.2536366,0.8553666,0.7216517,1.071246,1.1553812,0.7957391,0.7834903,1.1322494,0.7660624,0.8403634,1.130273,0.7538127,0.7410059,0.9112738,0.7283218,0.7592105,0.7689946,0.8115665,0.8789752,0.8461017,1.3976931,1.078884,1.1303281,1.1137527,1.1894223,0.7751161,0.9383165,0.841841,0.8771251,1.477725
0.6524172,1.0284266,1.1438094,1.0204117,1.3451319,0.9836684,0.9791653,1.0457509,1.2574017,0.8738326,0.72169,1.0800937,1.1688627,0.7992873,0.797206,1.1322494,0.7660624,0.8736377,1.1591315,0.7538127,0.7570785,0.9180099,0.7310197,0.7592105,0.7740587,0.816204,0.9339259,0.8550068,1.4205739,1.0825746,1.1303281,1.1673627,1.2076892,0.7751161,0.979576,0.8524354,0.8794465,1.5874335
0.6527373,1.0446776,1.1678044,1.0204117,1.3649159,0.9836684,0.9803037,1.0665854,1.2834908,0.8778393,0.7234427,1.0859985,1.1699252,0.8000383,0.8056564,1.139286,0.7664363,0.8736377,1.1656326,0.7575129,0.7673412,0.9180099,0.7310197,0.7671349,0.7787738,0.816204,1.0186152,0.8550068,1.4205739,1.1349484,1.1309364,1.1705622,1.211538,0.7810037,1.0230262,0.8583575,0.8794465,1.6098893
0.6529439,1.0477992,1.1721813,1.0521318,1.3649159,0.9846102,1.0289814,1.0665854,1.3363588,0.9079031,0.7242262,1.091087,1.1976251,0.8043133,0.8518083,1.1847152,0.7664363,0.8870753,1.1656326,0.7674745,0.783008,0.9280653,0.7310816,0.7733594,0.7943061,0.8240627,1.0186152,0.8701456,1.4452434,1.1423559,1.1717248,1.2308332,1.2172754,0.7926153,1.0230262,0.8670921,0.891921,1.6688036
0.652949,1.0924098,1.2182964,1.0521318,1.4293754,0.9992364,1.0289814,1.1266049,1.3653841,0.9079031,0.7247637,1.091087,1.2427445,0.8338459,0.8853804,1.2106939,0.7747894,0.9105086,1.1674948,0.7733253,0.791202,0.9280653,0.7350068,0.7733594,0.7943061,0.8261689,1.0950926,0.8767697,1.4535781,1.1423559,1.229019,1.2337482,1.224982,0.8002907,1.0974253,0.8859464,0.891921,1.7403438
0.6545825,1.0983019,1.2407051,1.0788388,1.4549301,1.0062243,1.0547073,1.1371264,1.3888806,0.9203315,0.726108,1.2342953,1.2512459,0.8677294,0.9077173,1.2303305,0.7805948,0.9278203,1.17763,0.7741053,0.813147,0.952043,0.7417964,0.777647,0.7989602,0.836146,1.095856,0.8792165,1.4767831,1.1450541,1.239418,1.2576077,1.3012119,0.8068004,1.0974253,0.911536,0.8921146,1.7497146
0.6551821,1.104966,1.259361,1.0788388,1.4858041,1.0242207,1.0863425,1.1909658,1.4017346,0.9406619,0.726701,1.2733913,1.2778353,0.872629,0.9077173,1.2303305,0.7866799,0.9609986,1.1873947,0.7787457,0.8137334,0.9524184,0.7553701,0.7794152,0.8209862,0.8717788,1.1114958,0.906675,1.6515783,1.1604965,1.2475552,1.3308969,1.378706,0.8086582,1.100182,0.9115534,0.8921146,1.7647851
0.6554026,1.1144982,1.2641257,1.0796638,1.5529667,1.0242207,1.0946991,1.2219553,1.4322298,0.9521895,0.7343593,1.280321,1.3064758,0.8737311,0.9189116,1.2578714,0.7917414,1.0389787,1.1873947,0.7854223,0.853306,0.9524184,0.7553701,0.7794152,0.8229801,0.8758665,1.1128535,0.9332421,1.693255,1.2681115,1.2631516,1.3563132,1.614514,0.8215799,1.1504762,0.953007,0.9157306,1.7685845
0.6556487,1.1329699,1.2941697,1.0796638,1.7354972,1.1305376,1.0946991,1.2450796,1.4332774,0.95905,0.7363883,1.2986708,1.3238759,0.8756363,0.9339603,1.3153768,0.7917414,1.0722937,1.2098616,0.8269961,0.8581101,0.9996176,0.7621751,0.7906605,0.8748799,0.8858104,1.1549863,0.9792906,1.7226445,1.2723037,1.2634962,1.3577804,1.6361887,0.8271842,1.1716074,0.9543832,0.9462973,1.7709597
0.6557227,1.1329699,1.3973665,1.1191411,1.760099,1.1305376,1.1068003,1.380838,1.6603586,0.95905,0.7399845,1.317529,1.420141,0.8882736,0.934129,1.379558,0.8077925,1.1223677,1.2174757,0.895051,0.8849841,1.0006141,0.7623664,0.8063103,0.8748799,0.9197593,1.1549863,0.9792906,1.742328,1.2787943,1.2634962,1.369596,1.6523263,0.8271842,1.1716074,0.9549236,0.9465777,1.7751336
0.6557443,1.1698667,1.4128113,1.1585501,1.7779711,1.1445682,1.1180712,1.4361789,1.6958045,0.9590808,0.7400738,1.3218104,1.4772754,0.9069109,1.0404444,1.476116,0.8485828,1.1223677,1.3539754,0.9124742,0.8977036,1.0006141,0.7715217,0.8067946,0.8770121,0.9446973,1.2135673,1.0518134,1.769455,1.2841599,1.2884891,1.3730058,1.6989708,0.8323699,1.2050377,0.973598,1.0438501,1.7817318
0.6557443,1.2423182,1.4935258,1.1605393,1.7972505,1.2617983,1.1264081,1.5356439,1.7041506,1.0033444,0.741423,1.4213767,1.5584144,1.0397846,1.0404444,1.7087578,0.8527112,1.1509686,1.4334056,0.9278806,0.8977036,1.1085789,0.8028654,0.8454732,0.8770121,0.9635909,1.2427593,1.0678217,1.7735571,1.3450489,1.3409585,1.4770655,1.7238647,0.8327528,1.2050377,0.9740658,1.0535588,1.7883325
0.6565927,1.2445802,1.5313264,1.1609643,1.8046926,1.2842835,1.2227284,1.6244575,1.7194272,1.1143186,0.7436234,1.4379515,1.6066793,1.0421989,1.0411344,1.7087578,0.8737929,1.2223073,1.4503509,1.0026477,0.9195403,1.1519333,0.8028654,0.8746705,0.8996111,0.9892378,1.2806466,1.1080232,1.7787302,1.3646569,1.3481981,1.4892689,1.7767429,0.8462243,1.2103363,0.9740658,1.0594893,1.8216173
0.6569828,1.277779,1.6749031,1.1695023,1.8046926,1.2842835,1.2466622,1.6940062,1.730718,1.1490046,0.7465246,1.4967826,1.6066793,1.0978474,1.0505079,1.7178559,0.8771019,1.2360594,1.5938939,1.0277813,0.9243884,1.1653379,0.8254692,0.9079674,0.8996111,1.0023996,1.2907588,1.1080232,1.7808247,1.5386928,1.3997883,1.6155269,1.7776547,0.8572885,1.2240665,1.0015833,1.1017307,1.8274357
0.6570602,1.3352549,1.691518,1.210266,1.8098116,1.296322,1.2657203,1.7059568,1.7513956,1.2056699,0.752821,1.5149187,1.6833219,1.1192808,1.0644941,1.7318207,0.8771019,1.2427288,1.6247691,1.0277813,0.9450927,1.1782485,0.8254692,0.934555,0.9300659,1.0023996,1.3013648,1.1305068,1.7865057,1.5885777,1.4274827,1.6317024,1.7868786,0.8637531,1.2528548,1.0111494,1.1017307,1.8367786
0.6570602,1.3820026,1.6974248,1.2805587,1.815144,1.308175,1.2675098,1.7098987,1.7518738,1.2106267,0.7618019,1.5357639,1.6960716,1.1361908,1.1222114,1.7525005,0.8913295,1.2618512,1.6366917,1.0604843,1.0311656,1.1790784,0.8421212,0.934555,0.9300659,1.0235512,1.3169745,1.1606202,1.8023366,1.712385,1.4857783,1.6691989,1.7874793,0.8708788,1.2531225,1.0432394,1.1214408,1.8441565
0.6575401,1.416566,1.7154358,1.3491196,1.815144,1.3612414,1.2700645,1.7287407,1.7644686,1.2106267,0.7670129,1.6740128,1.707064,1.1468124,1.1222114,1.7541507,0.9094298,1.2621407,1.6835302,1.0949404,1.0311656,1.195732,0.8451597,0.9639296,0.9310002,1.0522059,1.3468694,1.1689765,1.8152691,1.7247746,1.63076,1.7409204,1.7953749,0.8708788,1.266333,1.056067,1.2329837,1.8441565
0.6581002,1.4673347,1.7204528,1.3817755,1.837745,1.4994895,1.3996476,1.7452475,1.7652316,1.2217605,0.7709558,1.7030255,1.7213416,1.1656783,1.1362771,1.7587715,0.9143854,1.2882357,1.7138325,1.1071335,1.0814854,1.2181556,0.8682836,0.9639296,0.9310002,1.1275427,1.4129967,1.1710004,1.8255831,1.7249008,1.7028693,1.7629916,1.8340155,0.8785709,1.266333,1.0946285,1.2624494,1.8460726
0.6581324,1.4939082,1.7350322,1.3833616,1.8479229,1.6796376,1.4012067,1.7605081,1.7686177,1.2847046,0.7886288,1.7125739,1.7213416,1.2167401,1.149832,1.7772022,0.9250214,1.2882357,1.7197405,1.1540496,1.1098694,1.2472841,0.8720957,0.9644721,0.9637995,1.1371133,1.4129967,1.1833994,1.8255831,1.7779802,1.7758336,1.7629916,1.8340155,0.8785709,1.3181141,1.1297882,1.2673682,1.8503131
0.6581324,1.510432,1.7354818,1.3889548,1.8479229,1.681242,1.4500558,1.7793522,1.7943773,1.2972515,0.8088744,1.7309564,1.7507007,1.2269331,1.1659025,1.7906217,0.9312661,1.3058207,1.7298983,1.1706914,1.1371969,1.2967889,0.8844473,0.9644721,0.9704327,1.1429405,1.4501632,1.1971778,1.8348263,1.7864922,1.787475,1.7884055,1.8427314,0.9217743,1.3411104,1.1687638,1.2673682,1.8503131
0.658503,1.5774225,1.7430148,1.4405737,1.8810293,1.7052391,1.6174505,1.7872549,1.7986939,1.4692571,0.8133097,1.7421797,1.7524179,1.249581,1.241216,1.8099442,0.9456139,1.3063988,1.7313572,1.1834755,1.1386297,1.3916289,0.9515547,0.9708746,0.9905511,1.1444422,1.4501632,1.2002991,1.8406272,1.7864922,1.7899909,1.7884055,1.8512351,0.9217743,1.3598329,1.1864691,1.2709633,1.8550836
0.6585054,1.6523215,1.7441923,1.4787739,1.8865624,1.7078274,1.6412844,1.7893701,1.8012962,1.4861513,0.8190484,1.7556653,1.7776096,1.268165,1.2450427,1.8121074,0.9466963,1.3624406,1.7405859,1.2011443,1.1439525,1.4497236,1.0103123,0.9711814,1.0225075,1.1462589,1.4965938,1.2100662,1.8522221,1.7962148,1.804622,1.7959428,1.8522327,0.9414495,1.3713636,1.2042792,1.273659,1.9089485
0.6594056,1.6714657,1.7676824,1.6876394,1.9029511,1.7269647,1.6987643,1.7963417,1.8092886,1.4983814,0.8290429,1.777046,1.7807225,1.268165,1.256538,1.8261234,0.9553325,1.4149255,1.743471,1.279368,1.1765602,1.5371698,1.0103123,0.978387,1.034203,1.1740899,1.5225761,1.2556559,1.8531554,1.8131761,1.8087144,1.8131361,1.8522327,0.9979881,1.535096,1.2263138,1.3176008,1.9177767
0.659414,1.6902977,1.7921763,1.7183021,1.9029511,1.7316903,1.7071363,1.8060125,1.8252662,1.7032066,0.8333396,1.7844386,1.7835031,1.2683509,1.2704401,1.8290896,1.0288335,1.4730674,1.7439143,1.279368,1.1956431,1.5951289,1.0695396,0.978387,1.0392442,1.1772428,1.6258712,1.2560196,1.8560954,1.8184033,1.8087144,1.8324277,1.8544242,0.9979881,1.5510248,1.2374004,1.3209584,1.9284957
0.6597494,1.7176514,1.8045389,1.7183021,1.9054344,1.7443457,1.7267263,1.8074374,1.8282438,1.7511907,0.8333396,1.8043966,1.7862545,1.3282386,1.2704401,1.8361282,1.0525916,1.5533892,1.7630242,1.297055,1.1956431,1.6010109,1.0695396,1.0186461,1.0392442,1.245939,1.6959053,1.2560196,1.8560954,1.8291466,1.808864,1.8405792,1.8544242,1.063617,1.687814,1.2374004,1.3251665,1.9492207
0.6598728,1.7396477,1.8123031,1.7272074,1.9118951,1.7716061,1.7532156,1.8284606,1.8289126,1.7535632,0.8397165,1.8043966,1.7977744,1.3847779,1.3107698,1.8404454,1.0590417,1.5715166,1.7757191,1.297055,1.2038216,1.6436372,1.0749504,1.0395668,1.0442392,1.2612243,1.7320932,1.3470195,1.8591014,1.8318754,1.8090955,1.8414104,1.8671311,1.0657361,1.6980034,1.259562,1.4131407,1.9492207
0.6598728,1.7556797,1.8141289,1.7279374,1.9118951,1.7880311,1.7553208,1.8381564,1.853967,1.759006,0.8730012,1.8086297,1.8165583,1.5828185,1.3648355,1.8461187,1.0602197,1.6554088,1.7757191,1.3285867,1.2038216,1.7097654,1.0749504,1.0873117,1.0867246,1.2956435,1.7610379,1.5582234,1.8765497,1.8318754,1.817897,1.8471997,1.921375,1.1328564,1.6999462,1.3447585,1.6882051,1.9544245
0.6608735,1.7654593,1.8404414,1.7462824,1.9131988,1.7912405,1.7553208,1.8579193,1.8623338,1.7605939,1.016775,1.8183127,1.830276,1.7137831,1.3819295,1.8559184,1.0614186,1.6744996,1.7817199,1.3325057,1.272753,1.758428,1.0909354,1.1309912,1.1713378,1.349651,1.7809076,1.6191112,1.87848,1.8335993,1.817897,1.8471997,1.921375,1.1732484,1.6999462,1.354709,1.7049374,1.9707543
0.6609294,1.7678081,1.8520928,1.754385,1.9234781,1.7921171,1.7573243,1.8579193,1.8649541,1.7654331,1.0909406,1.8183127,1.8536876,1.7343113,1.6391221,1.8559184,1.0662592,1.6916926,1.8077675,1.3844232,1.2844891,1.7717164,1.0909354,1.1574865,1.2056782,1.361182,1.8006399,1.7074312,1.8855048,1.8350233,1.8232599,1.8868578,1.9450791,1.1827899,1.744845,1.354709,1.7302711,1.9734503
0.6612767,1.7820896,1.8720391,1.7629949,1.9357881,1.8230677,1.7649868,1.8710179,1.8710436,1.7820303,1.1414496,1.8251815,1.8555025,1.7352893,1.6781722,1.8709625,1.0746007,1.7383007,1.8077675,1.3856993,1.2893775,1.7731738,1.147037,1.1574865,1.2081391,1.361182,1.8028146,1.732265,1.8964374,1.8386525,1.8308138,1.8868578,1.9450791,1.2037185,1.7529164,1.3768215,1.7852596,1.9915222
0.6615345,1.7960098,1.8795913,1.7720941,1.939167,1.8230677,1.7769672,1.8824047,1.8719543,1.7931147,1.1505784,1.8251815,1.8555025,1.7628201,1.7167723,1.8709625,1.0746007,1.7928757,1.8077772,1.5367814,1.3515924,1.7922539,1.147037,1.1663019,1.239012,1.4590545,1.8065447,1.7418209,1.8964374,1.8393034,1.8451152,1.8887476,1.945686,1.2155307,1.7655195,1.3774063,1.7853057,2.0327015
0.6621493,1.8066685,1.8795913,1.8048293,1.939167,1.8234796,1.7840636,1.8824047,1.8719543,1.8022493,1.1652787,1.8272672,1.8600725,1.7743289,1.7616891,1.8764468,1.1573046,1.8048427,1.8188479,1.5409821,1.3515924,1.8077722,1.2091495,1.1670563,1.324094,1.6587031,1.8247518,1.7698664,1.8997272,1.8537574,1.8514974,1.8887476,1.945686,1.2918588,1.7829215,1.3963996,1.8059609,2.0327015
0.6627033,1.8071404,1.8970565,1.8068663,1.9561344,1.8251647,1.7894719,1.8843001,1.882003,1.8256325,1.1723214,1.8285042,1.8805469,1.7951365,1.7752858,1.8764468,1.1641163,1.8064133,1.8307955,1.5708064,1.4248486,1.8127278,1.2155869,1.1670563,1.3265072,1.6787873,1.8247518,1.7745212,1.915048,1.8537574,1.8523041,1.9227186,1.9717642,1.313443,1.7923615,1.5693648,1.8075608,2.0482224
0.662774,1.8103793,1.9004073,1.8229335,1.966093,1.832827,1.7903203,1.8844342,1.8978685,1.8333781,1.186421,1.8344889,1.887022,1.813057,1.783755,1.8804483,1.1729365,1.8088768,1.8347011,1.7000931,1.5238132,1.8177653,1.2361144,1.211591,1.3378825,1.7129921,1.8425064,1.7958391,1.915048,1.9021683,1.8543309,1.9352605,1.9779397,1.3419422,1.7988444,1.629278,1.8146393,2.1038104
0.6629061,1.8103793,1.9004073,1.8339902,1.966093,1.8345649,1.797486,1.8844342,1.8978685,1.8522041,1.2080269,1.8360852,1.887022,1.813987,1.7864148,1.8853336,1.1803765,1.8284978,1.8350718,1.7345196,1.6012725,1.8221119,1.4597022,1.211591,1.4345897,1.7548278,1.8454925,1.7958391,1.9346461,1.9021683,1.8606251,1.9428492,1.9779397,1.3588241,1.802038,1.7123446,1.8146393,2.1049222
0.6643606,1.8431094,1.9100845,1.8495789,1.9842035,1.8442744,1.8118566,1.9393448,1.9051871,1.8543492,1.2386176,1.83892,1.9038623,1.820441,1.7880327,1.8853336,1.1884988,1.8329034,1.8549261,1.7782606,1.630851,1.846744,1.5176934,1.2674226,1.4700343,1.7702904,1.8454925,1.8221682,1.9657499,1.9077794,1.8620921,1.9428492,1.9802586,1.4175992,1.8092946,1.7284246,1.8401168,2.1068585
0.6643611,1.8431094,1.918363,1.8611636,2.0028242,1.8461576,1.8316166,1.9393448,1.9051871,1.8579239,1.2386176,1.8405539,1.9053439,1.8397625,1.7950988,1.8893708,1.2252305,1.8329034,1.8564841,1.7790078,1.6857114,1.8581052,1.5944626,1.3068947,1.5275303,1.7742655,1.8542722,1.8225012,1.9890563,1.9271351,1.8642802,2.0531976,2.1321916,1.6559706,1.810621,1.7394953,1.8659799,2.1068585
0.6646142,1.8453696,1.9200001,1.8640817,2.0028242,1.8671834,1.8491197,1.9592875,1.9113351,1.8623237,1.260826,1.8511489,1.9053439,1.850344,1.7983963,1.8893708,1.2514989,1.8391315,1.8808831,1.7960726,1.7357577,1.9195287,1.6985607,1.3108784,1.5833601,1.7782123,1.8830244,1.8267136,1.9890563,1.9363261,1.8947529,2.0531976,2.1321916,1.6837471,1.810621,1.7567268,1.8659799,2.1257487
0.6660309,1.8465259,1.9200001,1.8665443,2.0096307,1.8687308,1.8688093,1.9592875,1.933907,1.8718359,1.5552711,1.8517836,1.9165,1.8726731,1.8202961,1.8952708,1.3254816,1.8479019,1.8820536,1.7986401,1.7463364,1.9268814,1.7034647,1.3285939,1.6032248,1.7822382,1.8830244,1.8378644,2.0136784,1.9363261,1.9022404,2.0860486,2.1453599,1.7383199,1.8277755,1.7699954,1.8776762,2.1257487
0.6663709,1.8483259,1.9237063,1.8830161,2.028622,1.870514,1.872506,1.9841304,1.9458091,1.8808138,1.569163,1.8547821,1.9244086,1.8726731,1.8202961,1.8958273,1.3963475,1.8479019,1.8965324,1.8213527,1.7666877,1.9486645,1.7382345,1.4231329,1.6790497,1.7822382,1.8866559,1.8423826,2.0457564,1.9444871,1.915499,2.1090593,2.1678111,1.7457329,1.8355833,1.7718274,1.8776762,2.1445442
0.6663912,1.8571777,1.9671156,1.8870169,2.0460141,1.872785,1.881194,1.9902667,1.95899,1.8808138,1.5727437,1.8561781,1.9244086,1.8859655,1.833776,1.8958273,1.4103357,1.8604667,1.8965324,1.8369446,1.7723158,1.9657145,1.7392165,1.4692017,1.6907972,1.794973,1.9111294,1.8445201,2.0597443,1.9480765,1.915499,2.1352983,2.1720748,1.7785171,1.8371053,1.7726811,1.892685,2.1445442
0.667365,1.8582106,1.9922182,1.88994,2.0460141,1.8795218,1.8969645,2.1097687,1.9775674,1.8848443,1.6050555,1.8566556,1.952486,1.8859655,1.837402,1.8960895,1.411053,1.8648467,1.8998958,1.8480017,1.7792728,2.0056922,1.7491728,1.4812645,1.7267221,1.8070652,1.9259368,1.8451607,2.0670411,1.9480765,1.933703,2.1448785,2.1720748,1.782432,1.8387268,1.7873344,1.892685,2.1547781
0.6675452,1.8775442,1.9988818,1.9003498,2.0461242,1.8795218,1.8971519,2.1504182,2.0186886,1.8862962,1.6698446,1.8621107,2.0322689,1.8964056,1.8441072,1.9013515,1.411053,1.8785065,1.8998958,1.8532577,1.8021175,2.028342,1.7565877,1.5716458,1.744466,1.8070652,1.9337102,1.8486065,2.0958018,1.9588997,1.9671073,2.1448785,2.1873229,1.7855046,1.8429179,1.8101919,1.8959254,2.1759914
0.6679094,1.8818647,2.0027402,1.9122088,2.0461242,1.8832275,1.9558837,2.1504182,2.0384949,1.8913779,1.691127,1.8627754,2.0512742,1.9003444,1.8536709,1.903988,1.4678511,1.8810939,1.9149784,1.8571025,1.8026016,2.0506798,1.7626516,1.6230229,1.7593853,1.8103478,1.9337102,1.8908272,2.0978027,1.9588997,1.9833588,2.1507899,2.4582142,1.8006441,1.8513744,1.813957,1.9083047,2.1947186
0.6686303,1.8818647,2.0027402,1.9240496,2.0592672,1.8913741,1.9558837,2.1573735,2.0805783,1.9017604,1.7211242,1.8657015,2.1265716,1.9003444,1.8536709,1.9069279,1.5398909,1.8840459,1.9169334,1.9041795,1.8127239,2.076557,1.7741305,1.7095964,1.7620862,1.8328429,1.9391581,1.8908272,2.0978027,1.9679407,1.9833588,2.1537866,2.8452013,1.8044882,1.8579684,1.8166452,1.9111669,2.2243969
0.6703816,1.8859592,2.041084,1.9311803,2.0592672,1.9103742,1.9681626,2.1633073,2.0807369,1.9158228,1.7415302,1.8666543,2.1265716,1.9151167,1.8575772,1.9069279,1.602764,1.8892836,1.9536198,1.9056848,1.8590648,2.1017247,1.775839,1.7174473,1.765045,1.8366044,1.9391581,1.8957354,2.137195,1.9712093,2.0217801,2.175547,2.9016159,1.8055552,1.9095666,1.8205597,1.9130876,2.5287219
0.6705494,1.8974882,2.041084,1.9311803,2.0987945,1.9219315,1.9799826,2.1689791,2.0807369,1.9158228,1.7552138,1.8810171,2.1414131,1.9151167,1.8575772,1.907568,1.658929,1.9439107,2.0090137,1.9931309,1.8608899,2.1082376,1.8058378,1.7245774,1.7666445,1.8366044,1.9503183,1.9484344,2.2184583,1.9712093,2.0217801,2.175547,2.9204522,1.8132363,1.9095666,1.8205597,1.9417506,2.784595
0.6712937,1.8974882,2.1097717,1.939514,2.100342,1.9219315,1.9799826,2.1750419,2.1033846,1.9241493,1.7600804,1.888943,2.8402053,1.91802,1.8578701,1.907568,1.700569,1.9439107,2.0090137,2.0500913,1.8630417,2.1082376,1.8174293,1.7494799,1.7725853,1.856779,1.9528612,1.954872,2.4913184,2.0090544,2.0334196,2.1858185,2.9508033,1.8132363,1.9205094,1.8218728,1.9515023,2.8263699
0.6716655,1.9047177,2.1479873,1.939514,2.1155804,1.9409979,2.0392858,2.1750419,2.1033846,1.9330992,1.766142,1.9062542,2.8402053,1.91802,1.8638398,1.9081417,1.7292042,1.9454173,2.0331405,2.0738352,1.8726206,2.1287733,1.8387929,1.7529876,1.7850789,1.8593999,1.9556241,1.9902252,2.8725146,2.0270959,2.0531413,2.8538512,2.9696549,1.818641,1.9205094,1.8305651,1.9571331,2.8289152
0.6733174,1.9073417,2.1516653,1.9400018,2.1155804,1.9409979,2.0626982,2.231077,2.1259363,1.9330992,1.7682252,1.923983,2.8504024,1.9197739,1.8646699,1.9734443,1.7428852,1.9462175,2.0331405,2.0748038,1.875871,2.1429633,1.851367,1.8106852,1.7881907,1.8603852,1.9556241,2.0472972,2.8725146,2.0342492,2.0911013,2.8871623,3.03345,1.8430321,1.9486357,1.8355563,1.9632557,2.8289152
0.6758322,1.9203897,2.1561628,2.0260961,2.1579411,1.9617904,2.0626982,2.5528949,2.1493719,1.9339538,1.7747016,1.923983,2.8785904,1.9735944,1.8740932,1.9734443,1.7501945,1.9462175,2.0373474,2.0772785,1.877965,2.1429633,1.8515653,1.8121372,1.7974847,1.8800303,1.9574476,2.0931172,2.8924822,2.0346032,2.0911013,2.8871623,3.03345,1.8557196,1.954543,1.8355563,1.9801159,2.8339351
0.6771367,1.926165,2.1642875,2.0486092,2.1639196,1.9617904,2.1351645,2.7299342,2.1493719,1.9457072,1.7943675,1.9470839,2.8785904,1.9735944,1.8775146,2.0598871,1.7522837,1.9594809,2.0391265,2.0772785,1.8800469,2.1492941,1.8573961,1.8143891,1.8175052,1.8800303,1.9719985,2.0931172,2.9126398,2.1926747,2.093157,2.9005032,3.0596533,1.9693973,1.9677433,1.8379853,2.0061282,2.8563661
0.67721,1.926165,2.1642875,2.0679408,2.1645609,1.9629979,2.1741672,2.7838934,2.2104657,1.9702301,1.7943675,1.9505028,2.8786736,1.9938632,1.8775146,2.0615,1.7895443,1.9602896,2.044356,2.1575545,1.9296744,2.1583983,1.8855304,1.8154288,1.8175052,1.9078343,1.994447,2.1185544,2.9126398,2.1926747,2.1192943,2.9289299,3.0596533,1.9742796,2.0112128,1.8474595,2.0433284,2.8625233
0.6775656,1.9288898,2.1693073,2.0802299,2.1717401,1.9775847,2.6368331,2.8319939,2.7061415,1.9847396,1.810946,2.0323451,2.9385909,2.0327006,1.8819801,2.1335661,1.7966328,1.9759848,2.044356,2.1630993,1.934452,2.1731074,1.8933241,1.8193269,1.8218552,1.9187329,1.9952229,2.1464447,2.969281,2.1937369,2.1536044,2.9315424,3.0640874,1.9742796,2.0167806,1.8484105,2.0573582,2.8625233
0.6788034,1.9525174,2.1843015,2.0964706,2.2586027,1.9990434,2.8537635,2.8319939,2.8494675,2.0151451,1.8160625,2.0520246,3.0151026,2.0891714,1.9075541,2.1415031,1.8000054,1.9759848,2.0705521,2.3734656,1.9731819,2.193291,1.92285,1.8357253,1.8284316,1.9329604,1.9952229,2.1464447,2.9754594,2.4446461,2.1789915,2.9507643,3.0640874,1.9925589,2.0862179,1.8509152,2.0573582,2.9767603
0.6788034,1.9554138,2.1902539,2.0993488,2.8305608,2.0119195,2.8981741,2.8543438,2.887483,2.0512109,1.8243353,2.0625536,3.0151026,2.0891714,1.9228502,2.1656358,1.8517289,2.0688651,2.100876,2.7917265,1.9731819,2.5044,1.9438375,1.8517677,1.8409434,1.9569126,2.0018223,2.1479831,3.0548062,2.8354687,2.2081972,2.974251,3.11755,2.0123988,2.1014009,1.8574574,2.0678146,3.0683254
0.67905,1.9554138,2.1902539,2.1211148,2.8890912,2.0274024,2.904366,2.9136413,2.887483,2.0792191,1.8331446,2.0646376,3.0323795,2.1183276,1.9228502,2.165668,1.8689575,2.076375,2.1061667,2.7932687,2.0123952,2.6975715,1.9902097,1.8857965,1.8575843,1.9686527,2.0018223,2.1479831,3.5956352,2.8354687,2.2647492,3.0676053,3.11755,2.1445064,2.1070473,1.8584068,2.0678146,3.0709612
0.6792271,1.9660393,2.2804598,2.1270283,2.8890912,2.0485052,2.9168029,2.9136413,2.9388843,2.0792191,1.8331446,2.0646376,3.0849015,2.1194102,1.9233231,2.2193457,1.8909691,2.0876544,2.1061667,2.8293835,2.0946727,2.7897771,1.9905891,1.8986028,1.8992332,1.9809359,2.0195473,2.1797693,3.5956352,2.8887101,2.5064704,3.1081132,3.5782845,2.1445064,2.1119444,1.8663961,2.0945829,3.0900493
0.6794725,1.9681575,2.8392023,2.1281917,2.9008949,2.0890461,2.9612945,2.9314052,2.9611046,2.1273234,1.8346446,2.080589,3.0948243,2.1378551,1.9233231,2.2277268,1.8909691,2.0876544,2.1146452,2.8293835,2.0946727,2.8377263,2.012567,1.9147215,1.9089,1.9809359,2.0458582,2.2362773,3.6003605,2.8922029,2.591754,3.3235037,3.6003588,2.1754316,2.1119444,1.8670101,2.0945829,3.0900493
0.6819806,1.9846295,2.8616958,2.1392325,2.9147177,2.0890461,2.9612945,2.9314052,2.9611046,2.1273234,1.8489503,2.080589,3.5639839,2.1715264,1.9312387,2.5048575,1.8921604,2.0888177,2.1146452,2.8544911,2.140484,2.8377263,2.012567,1.9147215,1.9193911,2.0113335,2.0462585,2.8177198,3.6032566,2.8980774,2.613609,3.5863475,3.618656,2.1897164,2.1228862,1.8880217,2.1330717,3.1358706
0.6824383,2.0614412,2.8898085,2.1392325,2.9345003,2.0915631,2.9690584,2.9720559,3.0355475,2.1862555,1.8629442,2.0926924,3.5639839,2.1763355,1.942067,2.5962243,1.8992784,2.1732625,2.1258186,2.8743744,2.1413321,2.8802157,2.0245897,2.0483737,1.9436099,2.0154784,2.0462585,2.8380529,3.6733174,2.9007948,2.8012637,3.5863475,3.618656,2.2296615,2.1228862,1.8880217,2.1330717,3.6377078
0.6844704,2.0614412,2.9230395,2.1528687,2.9702974,2.0951317,2.9893962,3.0525426,3.0709022,2.2255328,1.8637995,2.1579487,3.5895607,2.1763355,1.9504367,2.8538214,1.8992784,2.1778793,2.1549173,2.876921,2.1414484,2.880689,2.0657232,2.0483737,1.9538389,2.0395902,2.0988555,2.9373229,3.6850946,2.9007948,2.85169,3.6069662,3.6448058,2.3839756,2.1374917,1.8905507,2.1938925,3.6869781
0.6849693,2.0841843,2.9230395,2.1575779,2.9702974,2.150841,2.9893962,3.0956242,3.0888689,2.774743,1.8689878,2.1579487,3.5895607,2.4317826,1.9826655,2.9098583,1.9019914,2.1834889,2.166575,2.8948189,2.1414484,2.880689,2.0811154,2.0786634,1.9742371,2.0445794,2.0988555,2.9449086,3.7120244,2.9059965,2.9154896,3.6202678,3.7103374,2.6161721,2.1374917,1.8963303,2.1938925,3.6869781
0.685794,2.1098777,2.9632551,2.1606626,3.0036479,2.1599891,3.0433744,3.1317449,3.0989163,2.82357,1.8689878,2.159846,3.6826627,2.8096035,2.0393108,2.9368661,1.9129634,2.2539418,2.1937011,2.9334264,2.1595514,2.9056451,2.1280094,2.0786634,1.9742371,2.0965292,2.1062961,2.9525587,3.7120244,2.9059965,2.96036,3.6331142,4.1312615,2.8770466,2.2044117,1.9045781,2.2179153,3.6882697
0.6862963,2.2148988,3.0108786,2.1606626,3.0036479,2.220926,3.0433744,3.3783442,3.5109586,2.8308432,1.8722346,2.7940164,3.7127365,2.8347099,2.0393108,2.9984043,1.9324026,2.7972044,2.2799201,2.9343487,2.1595514,2.9139314,2.1280094,2.1258793,1.9960346,2.1101097,2.1314111,2.9525587,3.7795986,2.9128464,3.0436647,3.6331142,4.1569644,2.9333395,2.217988,1.9453972,2.8594378,3.6930071
0.6871239,2.8840966,3.0155916,2.1876806,3.0271773,2.2265327,3.5916724,3.5743023,3.521049,2.8381025,1.8775236,2.8008848,3.7127365,2.8357998,2.0401565,3.0359033,1.9324026,2.8737506,2.6745507,2.9343487,2.1599433,2.9833989,2.2244309,2.1258793,1.9960346,2.1483911,2.1484884,2.9804563,4.1226282,2.9513305,3.0720075,3.6447246,4.1583357,2.9399401,2.8731575,1.9578985,2.9092568,3.6938532
0.6881617,2.8981712,3.0293746,2.2046141,3.0271773,2.8613567,3.6213172,3.6347223,3.5285831,2.8893816,1.8810862,2.8952469,3.7281142,2.8639452,2.0401565,3.0359033,1.9518276,2.8737506,2.8705542,2.9719422,2.1599433,2.9833989,2.7603678,2.141857,2.0323009,2.1509562,2.1595828,3.025087,4.1413067,2.9532045,3.1037783,3.740803,4.1583357,2.9399401,2.8852003,1.9578985,2.9231486,3.6938532
0.6885265,2.8981712,3.0293746,2.2046141,3.0372682,2.8699343,3.6286925,3.6370284,3.6378665,2.9387412,1.9016029,2.8952469,3.7281142,2.8751244,2.0704334,3.0914217,1.9685251,2.8896966,2.8841957,2.9719422,2.1622721,3.0528828,2.7713739,2.1588052,2.0919117,2.1709097,2.1595828,3.0651517,4.1944946,2.9646231,3.5405923,4.134162,4.1978651,3.1285697,2.9444438,1.9758425,3.0063597,4.1787685
0.691162,2.9013777,3.0576331,2.8747448,3.0401784,2.9257967,3.6667403,3.6666646,3.8932061,2.9825975,1.9062101,2.897892,4.1092603,2.8944928,2.1065955,3.7101075,1.9685251,2.9369239,2.8841957,3.0030521,2.8814762,3.0713517,2.8370698,2.1808824,2.140398,2.5808274,2.170613,3.0651517,4.2072962,3.0019029,3.5695152,4.1569101,4.6873379,3.5931762,3.0045931,1.9758425,3.0063597,4.2553109
0.6920938,2.9013777,3.0576331,2.9894678,3.0617195,2.9575381,3.6817864,3.6666646,4.1886578,2.9894487,1.9149064,2.897892,4.1092603,2.8944928,2.1187761,3.7250815,1.9889715,3.0048016,2.8879432,3.0927582,2.93466,3.1065559,2.9196759,2.1850536,2.140398,2.7889104,2.1859944,3.1483455,4.2072962,3.0140428,3.5711607,4.157651,4.7002822,3.6002505,3.0045931,1.9931282,3.008564,4.258812
0.6948984,2.931525,3.0874152,2.9894678,3.0617195,2.9760428,3.7404146,3.6943889,4.2696912,3.0370613,1.9345002,2.9297602,4.1095577,2.9152559,2.1818925,4.1107676,1.9961071,3.058779,2.8879432,3.5710453,2.9361832,3.1313023,2.9196759,2.803919,2.1590732,2.8211059,2.2111094,3.3063794,4.2779451,3.052166,3.5871384,4.157651,4.7002822,3.6993751,3.0584169,1.9936599,3.008564,4.6093741
0.6948984,2.931525,3.101821,2.989641,3.0896819,3.0275615,3.7404146,3.6943889,4.2696912,3.044452,1.9372176,3.0093621,4.1515059,2.9196422,2.2102854,4.1861134,1.9961071,3.0619792,2.8959348,3.5710453,2.9361832,3.307189,3.0256863,2.8052685,2.1644371,2.8386837,2.2111094,3.5619795,4.7158728,3.0877797,3.5871384,4.158553,4.7374701,3.6993751,3.5438591,2.0342519,3.5274985,4.6649955
0.6949921,2.9483986,3.558638,3.0331768,3.1102832,3.0421455,4.0501282,3.7260495,4.2816244,3.5540979,1.9372176,3.0093621,4.1515059,2.9196422,2.2789232,4.2443665,2.0288445,3.0791758,2.8959348,3.6556186,3.0697106,3.5181657,3.0463027,2.8486804,2.1739675,2.84299,2.8165232,3.5983573,4.7992683,3.5900558,3.6243422,4.1597798,4.7374701,3.7156176,3.564531,2.1447829,3.5571502,5.0598364
0.6950162,2.9521676,3.599144,3.0465083,3.5497973,3.0568747,4.1457057,3.7260495,4.6866966,3.635846,2.0228382,3.018209,4.1785684,2.9535824,2.4223916,4.2443665,2.0464231,3.6221838,2.9174561,3.6903456,3.0697106,3.5503328,3.0463027,2.8946505,2.1739675,3.0231605,2.8491723,3.5983573,5.0506166,3.672485,3.6280872,4.2215275,4.9243676,3.7156176,3.5928183,2.1447829,3.5571502,5.0598364
0.6950162,2.9550482,3.77396,3.1187892,3.5497973,3.0808643,4.2174221,3.7363444,4.6866966,3.660258,2.043024,3.0944084,4.1925975,2.9688157,2.4818221,4.2832954,2.0464231,3.6221838,2.9346904,3.6903456,3.5070958,3.6303065,3.1098811,2.9387755,2.2114995,3.0231605,2.8538356,3.6118221,5.1577951,3.672485,3.71533,4.2215275,5.0783723,4.0243202,3.7522169,2.1496699,3.5997049,5.0638639
0.6951414,3.0039395,4.1537673,3.5859526,3.5602063,3.0866718,4.2174221,3.7363444,4.7923277,3.6762653,2.104047,3.585798,4.6678262,2.9965576,2.8630292,4.2832954,2.1086356,3.6677616,2.9346904,3.7104386,3.6548503,3.6303065,3.5121142,2.9488457,2.2312911,3.0619298,2.8609247,3.6170199,5.1577951,3.7503537,3.750393,4.2409986,5.5290906,4.1542279,3.9101557,2.1496699,3.6150194,5.1367972
0.7002864,3.0066364,4.1537673,3.6727081,3.5649453,3.0866718,4.2204941,4.1109659,5.0187007,3.6762653,2.2083705,3.6799116,4.7086682,2.9995498,2.900118,4.6395767,2.1135397,3.6968619,3.0013276,3.7104386,3.6548503,3.6589212,3.5246614,3.1237719,2.8733471,3.0652534,2.8683062,4.1645012,5.5284785,4.1945564,4.1487306,4.2562733,6.1584822,4.1763555,4.1667813,2.1699894,3.6637462,5.451947
0.7007862,3.1008727,4.1617146,3.6727081,3.5896993,3.1121655,4.2204941,4.1251591,5.0965066,3.746368,2.8342864,4.1438684,4.7086682,2.9995498,2.9033752,4.7023868,2.1135397,3.7723348,3.1774099,4.145435,3.7283375,3.6806873,3.6288969,3.5508186,2.891378,3.6247825,2.8683062,4.1677869,5.5558477,4.2060546,4.2328105,4.6234197,6.2090416,4.2168524,4.1667813,2.1759707,3.6637462,5.5252354
0.7012498,3.5476693,4.1714807,3.6999334,3.6486119,3.5622948,4.5463092,4.2610402,5.0965066,3.7518504,2.8587628,4.2425861,4.7168661,3.0515012,2.9860722,4.7139721,2.1765011,4.138017,3.2410458,4.2486147,4.6005043,3.6806873,3.7376391,3.5705262,2.9193526,3.6583615,2.8696587,4.1677869,5.8114865,4.2624787,4.2328105,4.6326581,6.2090416,4.2517484,4.1828904,2.1759707,3.7233786,5.5309909
0.7020076,3.5729136,4.2525724,3.7209172,3.6606155,3.5900076,4.7526779,4.6407622,5.4481275,3.7547826,2.8761761,4.2425861,5.0566529,3.0656208,3.0089076,4.7204358,2.1765011,4.138017,3.5400403,4.6360848,4.6269339,3.6868308,4.1488081,3.5776853,2.9275249,3.9337325,2.8759439,4.6261974,5.8114865,4.2626499,4.2394517,4.644231,6.2107423,4.6352149,4.2758043,2.5611711,4.1344257,5.5630041
0.7020197,3.5789986,4.2574323,4.131446,3.6641667,3.5900076,4.9028261,5.0265133,5.4615834,4.063429,2.9182284,4.6111562,5.1334836,3.0656208,3.0190886,4.7470941,2.2340989,4.1720567,3.5878047,4.7126003,4.7118458,3.7316272,4.1488081,3.7307359,2.9275249,4.1926002,2.8828156,4.6268726,5.8920132,4.2626499,4.3081948,4.7034228,6.2107423,4.6352149,4.6216391,2.845697,4.1486926,5.862571
0.7041275,3.5853192,4.2574323,4.2709506,3.6978645,3.6551805,5.0956095,5.4482741,5.4615834,4.1677883,2.9256641,4.654974,5.1482997,3.5687049,3.0586655,4.7565032,2.8829604,4.2937139,3.6600125,5.0166203,5.0213005,4.0348962,4.6368982,3.7430257,2.9600252,4.2775196,2.8933441,4.7472775,6.2198337,4.7089812,4.6484272,4.7273026,6.5173997,4.7296526,4.6327289,2.845697,4.1486926,5.862571
0.7041275,3.6118835,4.674293,4.2995507,3.7173947,3.7185978,5.116664,5.5294261,5.4634673,4.1677883,3.0174292,4.6742248,5.1482997,3.7065618,3.5634741,5.078086,2.8841907,4.700255,3.6787339,5.0698974,5.1548891,4.1400377,4.6368982,4.1645402,3.0006434,4.6224587,2.9442573,4.9937039,6.7455555,4.7089812,4.6484272,4.7273026,6.5200105,4.7317522,4.6876446,2.8802866,4.2150367,5.9176505
0.7041798,3.6131576,4.674293,5.1793686,3.7436388,3.7545213,5.183223,5.5587682,5.5424427,4.7060217,3.0174292,5.1419513,5.2667398,3.7065618,3.5951956,5.1578169,2.9069676,4.7267181,3.7155686,5.0698974,6.1554821,4.1838374,4.7321526,4.4296896,3.0006434,5.0021832,3.0748116,5.075686,8.3243998,5.0569413,4.6642424,4.7360896,6.7476052,5.0413054,4.7065793,2.9180007,4.2150367,6.1321176
0.7057645,3.7278363,4.7174976,5.1878501,4.113998,4.1044378,5.6858982,5.5587682,5.8287627,5.0590708,3.3709775,5.4670792,5.4597569,3.733876,3.6052567,5.1755451,2.9069676,5.0494141,3.7155686,5.084302,6.1554821,4.3086402,5.0520899,4.7030168,3.0102379,5.0319865,3.2569642,5.0835965,8.3243998,5.0569413,4.8634893,4.739556,6.8180639,5.0413054,4.7216257,2.9825831,4.2202378,6.2141322
0.7057645,4.1066267,4.7174976,5.1878501,4.1310385,4.2068234,5.9090028,5.793171,5.8322617,5.1547576,3.5997563,5.4670792,5.5326624,3.9406597,3.7262538,5.4710652,2.9195261,5.0751031,3.7219576,5.1779251,6.2366652,4.6907774,5.0728513,4.7459206,3.0273837,5.4343148,3.5444154,5.1183776,8.4956107,5.1732385,5.0287613,5.1528241,7.3404742,5.0496699,5.0649213,2.9946432,4.5117102,6.2141322
0.7087445,5.0875555,5.160625,5.4957477,4.2487034,4.2310713,6.2419845,5.8409496,5.8322617,6.4503888,3.6727032,6.1758046,5.5326624,4.1145001,3.7360468,5.8029127,2.9399208,5.0751031,3.7219576,5.3519401,6.2366652,5.1090626,5.1693753,5.4334461,3.0351443,5.4503395,3.5572454,5.1183776,8.7049118,5.2082955,5.0287613,5.4385798,7.3653556,5.1652959,5.0649213,2.9946432,4.6461389,6.4747003
0.7089365,5.175566,5.1893843,5.6361775,4.5983064,4.2336642,6.4522399,5.8409496,6.199055,6.4503888,4.0859262,6.2060305,5.7967828,4.2399704,4.1260788,5.8717021,3.0690415,5.1576948,4.1515818,5.5011417,6.7465519,5.1681907,5.8088743,5.456892,3.0551886,5.4576609,3.6422578,5.1252452,9.347137,5.4986181,5.0686842,5.4385798,7.4790879,5.4169179,5.0654468,3.010451,4.7228937,6.8131847
0.7095957,5.5439792,5.3229663,5.7462115,4.6135856,4.2336642,6.7606379,6.477022,6.199055,6.8245107,4.1840235,6.2060305,5.8220443,4.2399704,4.1504368,6.1754916,3.2227163,5.4803149,4.2429126,5.8427769,6.7476118,5.5397556,5.8511533,5.5597737,3.0575284,5.6890594,3.6435051,5.1252452,11.878973,5.5587799,5.4246916,5.4646922,7.562481,5.5322855,5.0654468,3.0530326,5.1748087,7.0677053
0.7103857,5.8121584,5.8755788,6.1475422,4.6135856,4.6797348,7.0727496,6.477022,6.2643213,7.0823251,4.1840235,6.9981962,5.8900588,4.2652267,4.1504368,6.8267688,3.27021,5.5352007,4.5783705,5.8427769,6.8137782,5.5446477,5.8511533,6.2028485,3.5652973,5.7496397,3.6850866,5.161066,11.878973,5.7651294,5.4852875,5.8878059,7.8278462,5.8945993,5.0834566,3.0678614,5.589587,7.3406248
0.7149971,5.9113842,6.1546562,6.2715803,4.6854998,4.778076,7.0727496,6.4932286,6.765163,7.1829679,4.2625616,7.194816,6.1460007,4.7432286,4.1664173,6.8267688,3.406901,5.8368576,4.7302107,6.1716614,6.8137782,5.8811934,6.1503166,6.4858443,3.5652973,6.0184191,3.7305235,5.1760812,12.866137,5.8491553,5.5104504,6.1783909,9.0198533,7.0445271,5.0834566,3.5426288,5.8312632,7.3522388
0.7158937,6.231493,6.1546562,6.4488152,4.7230695,5.1507135,7.3023929,7.3021279,6.765163,7.2751132,4.4693024,7.3030799,6.1460007,5.0984023,5.1585271,8.1018006,3.5626171,5.8632841,5.4376462,6.1815109,7.3087721,6.2126344,6.1503166,6.4858443,3.5735491,6.1553712,4.1388859,5.7748701,14.808904,6.1251531,5.5199165,6.1783909,9.1363527,7.3656237,5.4886159,3.7173364,6.2104533,7.3522388
0.7163793,6.7623125,6.8020729,6.7517999,5.4347206,5.8533911,7.3023929,7.3021279,6.7976451,7.5775072,4.5851009,7.6190446,6.2028703,5.1479452,5.1585271,8.319853,3.5795239,6.2291239,5.7794704,6.7189953,7.8592951,6.7441295,6.1762967,7.0254788,3.5787088,6.4377812,4.1388859,7.1011292,15.0131207,6.1688879,5.5281959,6.4934388,9.3634234,8.0547844,5.5055061,3.7173364,7.5758025,8.2752272
0.7165613,6.8052528,6.8020729,6.7989929,5.4452552,5.8533911,7.3338828,7.3094374,6.9917651,7.8680919,4.6429683,8.0268826,6.2199552,5.4320903,5.4359713,8.4970373,3.7662922,6.4446431,6.7428182,8.1003163,7.8592951,7.0338698,6.4469632,7.3624032,3.6502259,6.7981396,4.2019834,7.3045504,15.1120075,6.1930831,6.4474785,6.5030337,9.7535001,8.3044485,5.8313778,4.1918835,7.5758025,8.9645369
0.7195681,7.0937108,6.811749,7.0642883,5.4741673,6.8044657,7.3599747,7.7053308,7.0605872,8.5169105,4.7363397,8.0720959,6.2207597,5.824029,6.4415527,9.5900264,3.7662922,6.7502645,6.8003604,8.1136556,8.4889502,7.3783043,7.0979126,7.3624032,3.7336598,8.4893924,4.2755671,7.3045504,15.6597095,6.4573574,6.9915589,6.5048674,9.9276502,8.8051217,5.8463362,4.2740138,8.2463217,9.0505137
0.7284083,7.8493572,7.2804656,7.0970254,5.5044626,7.3579621,7.3599747,7.8436219,7.0605872,8.5404758,4.8931959,8.0720959,6.7574672,6.7426919,6.4600126,10.2723039,4.1694768,7.3591024,7.0401503,8.2719776,9.2218137,7.6248482,7.0979126,7.8002619,4.1805145,10.0799663,4.6328289,8.108126,15.6597095,6.4573574,7.025431,7.0285408,9.9276502,8.8083371,5.880181,4.6166278,8.7661967,9.5039021
0.728892,7.8893435,7.552708,7.598246,6.4652705,8.7077741,7.5964139,7.8500316,7.1136853,9.5083286,5.1567377,8.5422873,7.0526295,6.7426919,6.535073,12.02304,4.1694768,7.5493771,7.0596987,8.9769248,9.3569973,7.8779827,7.2999457,8.2789931,4.2004723,11.1979566,4.6859177,8.7653747,15.9165778,6.4984504,7.6242721,7.3251814,10.8866088,11.8406742,6.4891577,4.6236008,9.1068747,10.1151682
0.7375907,8.046003,8.291233,7.7748548,6.5388253,8.7077741,7.5964139,8.0967498,7.1136853,9.536959,5.1752499,8.5441245,7.0989251,6.8166165,7.0055449,15.5477324,4.2739,7.5674848,7.0650479,10.2812826,9.4535708,8.1535331,7.3084268,8.2789931,4.2004723,11.8324817,4.7339186,8.7653747,16.2913212,6.5206517,7.6242721,8.4724787,11.1187695,11.8764281,6.5065873,4.7049381,9.7161376,10.1151682
0.7460409,9.1739714,8.291233,8.0397157,8.3388397,8.7746721,7.8732994,8.9732479,7.3292895,11.4219185,5.5179546,8.5441245,7.3260825,7.1082278,7.0555501,15.5477324,4.7221881,7.8335384,7.0954508,10.2812826,10.7496125,8.3548443,7.3125019,8.5355538,4.8219552,11.8857425,5.8349304,8.9512772,16.2913212,7.3127915,7.8428462,8.7073524,11.1187695,11.8764281,6.5065873,4.7049381,10.1082415,10.4265886
0.7676584,10.7807612,8.4807318,8.6461073,12.14427,8.7746721,8.3356066,11.3571736,8.1065689,12.1573735,5.5179546,8.7757737,7.3595264,7.1082278,7.3649563,15.8907487,4.7221881,7.8335384,7.1189108,13.3511585,11.3189062,8.8145682,7.5279129,8.9602051,5.8508265,12.0458007,6.1980141,9.2201924,17.6353052,7.3624036,7.8519709,8.7207492,11.2475564,12.589365,6.50785,5.0473984,10.2664042,10.4655824
0.773181,10.7999942,9.5341869,9.1261598,15.0374155,9.9463373,8.3356066,11.4080043,9.5178577,12.714215,5.5524931,9.1419165,7.3595264,7.3517194,7.4047289,15.8907487,4.746014,7.8749186,7.3778907,13.4879052,11.7308688,8.9326377,7.8047259,8.9602051,5.8508265,12.41934,6.7477572,9.330333,17.6353052,7.6246982,8.7331326,9.3655273,11.2475564,12.589365,6.7682565,5.1278491,13.3385092,10.4655824
0.7740358,10.9557607,9.5341869,9.7363607,15.0374155,10.1199206,9.1399939,11.5581203,10.4308958,12.714215,5.5790776,9.1489318,7.8315452,8.085428,8.065938,16.8650083,5.1458756,8.0465862,7.6283603,14.3459787,12.1769127,8.9756045,7.8066455,9.6526272,5.8585559,12.435429,7.3059153,9.330333,20.4418711,7.6274614,8.9006542,9.3760286,11.7317058,14.1182412,6.7682565,5.1278491,13.3754999,10.5846323
0.7760033,11.5955045,9.8958786,9.7363607,15.1351965,10.4588644,9.3388526,11.6780595,10.9208041,12.7182333,5.8120157,9.9168573,7.8699074,8.346556,8.3067212,16.8650083,5.1458756,8.339411,7.8651416,21.9841201,13.1232205,8.9758901,8.0489101,10.4632449,6.1531624,12.5725053,7.8177619,9.7431527,20.4418711,8.1188135,9.3245417,9.5208933,11.7345585,14.1182412,7.0469208,5.4475927,16.9767466,10.5878737
0.7951571,12.3144368,10.2678944,10.1047991,15.1351965,11.4334801,9.6962323,12.4396334,11.2525268,12.9942926,6.1398412,11.7348241,8.3373775,8.7507638,8.3067212,17.9004704,5.4511752,8.339411,8.0461234,22.1319451,14.4423486,9.1620217,8.3074905,10.9746485,6.4474821,14.3138624,7.865895,9.7431527,21.1327158,9.3718643,10.8023487,9.9050947,11.7345585,14.3474716,7.5664574,5.5640924,16.9767466,11.3891021
0.7975525,13.251022,10.8122826,10.9487608,15.5742005,12.3925833,9.6962323,15.5610091,13.3877749,14.0842856,6.5441192,13.5130366,8.7249229,8.9254298,8.5449024,17.9004704,5.4511752,8.4959346,11.3961416,24.1732658,14.8172282,10.5973057,8.3074905,11.5851001,6.7470359,15.2641843,8.5692666,11.2762184,21.1327158,9.3718643,11.2749568,10.2502161,12.2992197,14.6691838,7.5664574,5.8027544,17.2659536,12.5702217
0.8122881,13.251022,10.9225843,10.9487608,15.878064,14.1209552,11.9894636,16.3831752,25.0166938,14.0842856,7.0285203,13.6785996,8.7425672,9.5719867,8.9564399,17.9909728,5.7333167,8.7123612,11.3961416,24.29708,17.2458607,10.6078867,10.2686173,11.5883395,7.0106076,15.5498427,10.6191638,11.2762184,21.5447017,9.7065994,11.4078643,11.8984899,12.8222275,16.6842966,8.0891727,5.8541176,19.4089754,13.9705157
0.829501,13.3501869,12.0041759,11.8438833,16.2790372,14.5848342,12.4223919,21.3527368,41.9436651,15.251079,7.8691456,16.9653185,8.9605152,10.4757803,8.9579181,18.3274254,5.8356111,8.7696994,13.647233,29.2533628,18.3387632,10.6388003,10.4434106,14.5482245,8.072194,15.7538057,11.2790995,11.399349,22.0531194,10.2811683,11.6449858,11.8984899,12.8514212,17.1514029,8.0891727,5.8541176,20.5946269,14.4528968
0.8664356,13.4848129,12.0041759,12.5924304,19.9798199,14.5848342,12.4223919,26.5768202,43.1718163,15.251079,8.2345104,20.5353779,10.6461441,10.7666692,9.5248349,18.3644452,5.8736301,11.2417264,19.5740667,30.143882,20.3797582,10.9153434,10.4434106,17.9775057,8.3364009,16.0901995,11.5498655,11.399349,22.0531194,11.4287322,11.8868889,13.2529326,12.8514212,17.1514029,8.2827907,5.8690243,23.7937284,20.2408255
0.9263114,13.4848129,15.8888204,12.5924304,25.5602969,14.8002263,12.8628524,26.5768202,44.5472187,15.4732308,8.31861,21.2180879,12.5588079,11.4351191,11.2305995,18.4128534,5.9172019,11.2417264,22.4099643,38.2599625,22.3428251,10.9471059,10.6279293,19.3347505,9.3596891,17.7910926,17.0614641,11.430392,23.3425557,12.0058298,12.4518834,13.7084642,13.2450791,17.9998785,8.3222401,5.8690243,26.419435,25.2099425
0.9266774,14.9131887,19.1130194,16.0727768,34.2553856,15.9742111,13.8447283,26.7546004,44.5472187,15.6592175,8.31861,22.4804653,16.2717773,14.5687528,12.3082617,18.9742368,6.2195176,11.2450367,24.8325727,38.2599625,22.6643998,11.275113,10.7876365,21.4292057,12.7328666,18.5226367,19.6856724,12.3159176,24.9083148,16.5877921,13.2199357,18.3447876,13.2450791,20.548002,8.7016533,6.4313884,26.7582799,26.9142661
0.9391118,15.0132343,19.8226339,24.4424795,34.2553856,15.9742111,13.9990703,26.7546004,45.1100105,15.6592175,8.516917,23.8565444,27.7706607,16.0138777,15.0080669,19.1971541,7.3639746,12.1561635,30.1813776,40.4424517,22.6643998,11.275113,10.7876365,22.3386036,16.484594,18.8409926,21.6426485,18.2431116,27.5555671,17.6344641,21.5663885,25.5776211,16.3931058,23.3501544,9.1303976,6.4582787,28.5003789,27.3451441
0.9391118,15.8702447,20.7643885,38.7583755,37.8518671,16.0143504,16.5949558,29.6740501,45.6128514,16.3789507,8.516917,23.8565444,31.1743302,17.6101034,17.6976822,21.1847065,7.5429613,12.317209,30.335604,42.0232103,24.6071626,12.0375535,11.3927076,22.3386036,16.484594,18.8409926,26.1229718,18.5060159,27.6646068,17.6344641,21.9047612,26.7430299,17.2669139,24.0197985,9.7249047,6.8403057,28.954828,27.3451441
0.9798497,17.710971,20.7643885,41.9783843,37.8518671,17.7183115,18.7853282,39.1053251,46.6484552,16.3789507,9.0009176,26.0720044,60.4831289,29.856083,19.684263,21.9146409,7.5660797,14.0042947,30.9397121,62.6074284,25.3790923,12.1325,11.3927076,23.3299203,19.3633557,19.9986804,32.7029741,18.5060159,44.6598957,17.7128322,26.5382013,26.7430299,21.9942276,26.0669007,10.4569051,7.365796,41.7567514,29.7116458
0.995366,21.7813267,22.6091898,129.8040274,40.4761211,20.6154843,19.8194115,45.6075161,46.6484552,16.5948185,9.3170108,26.0720044,66.6921748,31.2225589,21.4302948,22.7548987,10.0900521,23.7819612,31.8061956,66.3554923,26.8521639,15.2637691,12.2596677,23.3299203,20.5999159,21.0407509,37.2678999,19.4158604,48.1722669,20.1299541,27.7539979,30.2984215,22.7431837,26.7955905,11.5451624,7.5955897,50.667917,29.7116458
1.0199621,42.542516,22.6091898,129.8040274,48.2815521,29.1540941,19.8194115,100.427608,47.6555327,21.4336284,9.4510837,28.0524247,67.6644488,39.3891216,21.5019098,23.9245754,10.2787718,23.7904545,32.7781416,154.1596907,26.8670922,24.3423547,12.4078026,29.2628348,22.7999281,22.6833809,49.1245997,21.6345378,59.2220773,42.4278509,28.276191,30.8109337,43.4115535,28.299466,14.4466064,8.4956667,51.8047175,40.2401419
1.0307094,46.1281505,23.343368,130.3346679,50.5890952,31.411255,22.5278786,102.1418213,48.130183,34.6336326,9.929218,28.2380912,67.6644488,39.3891216,22.4621525,45.9271056,10.4274322,25.7918991,32.7781416,154.5105701,42.5924938,24.8935304,21.1789607,32.1657384,25.0154563,25.7982128,49.3577041,22.61259,61.708675,42.4990387,28.4971469,31.6285095,50.384848,28.299466,15.3623195,8.517428,51.8047175,42.0546932
1.047881,52.2842818,24.4862767,130.3346679,55.0427706,32.6484252,43.13166,114.3707217,68.9768937,34.6752357,9.929218,30.7153681,70.0138823,42.255728,23.2498246,45.9271056,11.9977802,27.7847025,33.2179584,190.2464373,43.2613767,26.3667605,23.0668169,39.4956459,26.8668523,29.318116,53.6342292,23.1517871,161.6189462,48.3902118,80.2040242,31.6285095,61.5158901,29.7081759,22.2621458,8.517428,55.2728457,64.8142954
1.0700724,55.2901372,26.7435653,309.2107071,56.1634718,35.7125827,47.7074601,116.3269918,74.4233194,46.7022823,10.4676417,32.8618553,70.0138823,42.255728,27.0748516,69.4930283,12.2733074,28.922131,33.8050017,191.7419217,43.2613767,28.7648864,25.5501268,40.5195628,28.6020164,37.1606956,68.831924,24.0319417,179.4097805,48.9773012,84.2433055,32.2072665,62.7731305,33.8514758,24.9011886,9.5359908,55.7114249,66.7309289
1.0909911,155.275636,27.9837164,395.9251992,59.3268931,72.4722314,54.2613514,519.427504,83.0178819,51.7352993,10.9415817,43.1605533,249.4361313,110.9494858,65.0635804,73.0529843,12.2733074,33.389414,33.9828082,504.5750337,174.7418762,42.7213771,45.9815409,118.343755,29.5033559,51.9791463,72.8530608,26.5782759,684.5518397,55.8979195,272.981041,32.2920717,107.7053645,47.5935028,33.3458222,12.7357204,80.0590317,122.5374498
1.1248294,158.0157151,41.0772261,461.4308672,59.6237826,83.2604179,68.2037766,526.8823853,108.8506372,55.8961962,11.2495571,47.4854384,251.2170809,118.1376595,79.2822153,81.459697,16.6785234,33.4676605,37.9251608,509.2166062,176.168687,47.8720058,46.9280167,119.0678347,29.6453449,51.9791463,79.2770453,26.5782759,687.0314873,64.0443585,274.5507058,43.9116885,109.6771615,47.6564916,37.4070343,14.2110234,92.5602518,123.3535264
1.1255185,186.3153509,89.844986,463.8820357,64.5197905,223.0264548,252.7137239,894.9686685,154.3410746,165.9464185,11.5341951,150.8307446,260.1824216,132.7971671,235.6091893,130.1940302,47.1254056,35.8592419,37.9251608,3998.9076053,215.6508998,131.0938387,153.7361804,159.7984143,43.1725276,57.3813193,79.836002,36.2153237,1483.7777892,130.030224,411.881339,46.4428656,115.6014869,559.1726572,37.6650372,14.7023614,139.6101646,152.1757533
1.1711465,209.0977916,95.4358313,555.487689,85.5910395,225.6437625,257.7432561,899.6645243,157.8717367,165.9464185,13.2244746,153.8133593,263.4457698,138.3057,237.9410217,131.2488832,47.1254056,37.9732204,38.2579072,4003.1663467,220.0688186,133.5076499,161.1052069,162.8074661,49.0716551,60.9047039,104.3445556,40.0093094,1488.1668544,131.3316258,416.3793469,52.5535738,117.1359265,565.6533911,70.9533029,15.6812477,150.1799175,155.4382517
1.1943241,353.7462386,103.2138999,13657.6005673,118.6577664,546.1447153,1358.6152739,3350.1454745,1027.552256,187.2498972,131.1469301,156.0380212,270.5262504,155.282946,7500.9494842,5946.6277014,47.4837461,39.5307701,168.2108789,10389.4828663,233.2231142,380.8202389,1397.5184763,1155.1497864,533.3542141,77.8814727,236.7023892,74.3092311,3107.0029605,1573.3173261,468.2504203,52.5535738,338.7348194,8138.7819888,146.4323442,89.0212717,246.3986399,195.3874065
1.2788551,357.0543124,124.5664976,13791.6935971,120.2851034,546.7094469,1362.8426822,3350.4018277,1031.1730339,206.202349,132.5856235,158.0206998,272.1437713,158.8814854,7521.6649197,5948.0669086,47.4837461,49.4882324,175.6110028,10391.6122221,235.9636878,381.1122434,1410.2547519,1158.5398016,533.9833792,85.3938502,244.8166559,76.3009873,3128.5033126,1580.0387531,468.2596551,53.4982958,340.070035,8143.4505396,152.0244846,91.873165,260.8850938,199.6465127
